,v,vw,o,c,h,l,t,n
0,24812.374592105218,16602.745,16585.83,16587.61,16804.0,16450.62,1669248000000,482539
1,23588.292651345793,16481.9699,16587.6,16510.9,16617.0,16333.0,1669334400000,467705
2,14388.766516650836,16553.4151,16510.9,16450.93,16697.0,16376.1,1669420800000,328051
3,12650.567133049612,16519.0516,16450.32,16419.88,16603.0,16395.0,1669507200000,302531
4,35614.74221995051,16198.8799,16420.2,16206.3,16487.0,15992.64,1669593600000,600192
5,27163.492639700093,16398.2538,16206.23,16438.0,16545.0,16092.53,1669680000000,592670
6,49216.09374846007,16915.7557,16437.94,17167.33,17297.0,16420.2,1669766400000,813545
7,35354.944683788715,17050.8021,17181.0,16980.08,17335.0,16855.0,1669852800000,635894
8,26858.035957070588,16961.3886,16980.07,17094.71,17108.25,16784.2,1669939200000,523128
9,15718.311410266986,16971.5904,17091.0,16888.53,17171.7,16863.58,1670025600000,360027
10,19581.237526417026,17039.6972,16889.17,17108.9,17210.0,16882.86,1670112000000,363118
11,38100.80405050195,17158.2845,17108.9,16966.05,17440.0,16865.22,1670198400000,606143
12,29455.17379905368,16995.823,16966.05,17089.05,17111.35,16904.04,1670284800000,508389
13,25663.392964298666,16857.5204,17095.0,16840.0,17156.0,16679.52,1670371200000,458677
14,27795.012930844725,17001.1804,16839.76,17226.01,17323.0,16735.9,1670457600000,473054
15,24564.93539708025,17181.2386,17226.03,17130.59,17366.2,17053.0,1670544000000,450979
16,8836.281397072738,17160.7471,17131.3,17128.1,17240.0,17093.42,1670630400000,262907
17,12803.111501861687,17165.6853,17128.1,17085.21,17503.0,17070.4,1670716800000,270032
18,25597.08465134177,17014.5381,17088.2,17211.66,17263.0,16875.83,1670803200000,462472
19,48971.634286710825,17595.3754,17212.9,17773.18,18070.0,17089.17,1670889600000,830921
20,56486.82268649745,17944.2274,17772.98,17804.97,18391.0,17657.4,1670976000000,905761
21,42919.23107356017,17532.4294,17805.36,17357.96,17867.0,17261.4,1671062400000,727236
22,54208.2968012852,16972.6438,17359.1,16632.64,17544.0,16529.53,1671148800000,823214
23,20931.848642518184,16698.9695,16634.29,16782.25,16811.0,16576.6,1671235200000,429226
24,12563.676320723323,16744.5757,16782.23,16755.0,16875.0,16663.76,1671321600000,331649
25,31741.049191817187,16620.6619,16742.33,16439.74,16825.0,16260.2,1671408000000,507903
26,38914.54982899785,16801.8804,16441.4,16897.65,17067.8,16398.22,1671494400000,572562
27,19284.148062710745,16822.4314,16896.17,16826.56,16934.0,16725.78,1671580800000,376803
28,24104.199055501005,16742.4829,16825.18,16815.51,16873.0,16560.84,1671667200000,468833
29,24465.129265822034,16822.7429,16815.28,16777.21,16966.0,16719.57,1671753600000,406393
30,10837.752436432624,16830.1669,16777.88,16837.12,16891.0,16775.88,1671840000000,273040
31,8138.782249671595,16806.852,16836.7,16829.02,16874.0,16720.89,1671926400000,243876
32,10095.381330383025,16849.6712,16824.9,16917.96,16963.0,16787.97,1672012800000,267912
33,20355.204976375833,16767.1797,16914.5,16698.73,16987.0,16585.97,1672099200000,407636
34,27182.73674064083,16611.2827,16698.0,16539.66,16797.0,16444.0,1672185600000,516503
35,21906.234727084062,16587.3451,16541.6,16628.8,16675.0,16479.5,1672272000000,452598
36,29820.335329194386,16524.6611,16628.9,16600.1,16683.9,16325.2,1672358400000,497479
37,17861.131907746094,16558.452,16600.0,16530.35,16664.0,16462.49,1672444800000,334945
38,12300.315533316923,16549.5494,16531.83,16611.58,16644.0,16490.0,1672531200000,292354
39,15129.289550399431,16692.5104,16615.0,16666.95,16803.0,16542.52,1672617600000,358299
40,21204.298955484002,16680.0394,16668.3,16669.47,16810.0,16599.6,1672704000000,376204
41,29360.12636253107,16835.9876,16669.7,16844.42,17008.0,16645.87,1672790400000,512889
42,16945.68975941772,16826.2924,16849.3,16825.69,16888.0,16750.07,1672876800000,387550
43,28246.529401696687,16840.0521,16825.7,16948.06,17200.0,16670.82,1672963200000,475711
44,6569.5374952721295,16935.4521,16951.1,16942.37,16990.0,16903.58,1673049600000,229424
45,11138.691164274247,16971.7084,16945.1,17125.18,17181.0,16910.41,1673136000000,299555
46,37477.75170253636,17244.7501,17141.0,17177.98,17400.0,17102.97,1673222400000,651146
47,28242.02997776544,17313.5673,17177.94,17443.5,17506.0,17145.1,1673308800000,567001
48,32757.552109634405,17518.7719,17443.5,17944.27,18009.0,17308.8,1673395200000,593084
49,73373.3833279598,18384.1038,17953.0,18847.75,19115.85,17866.0,1673481600000,1020354
50,62714.997723952554,19233.7159,18847.77,19934.88,20000.0,18714.8,1673568000000,914811
51,70029.19199789544,20771.8989,19934.07,20957.02,21400.0,19893.25,1673654400000,1189155
52,28804.67958792528,20787.748,20956.2,20879.7,21066.9,20527.3,1673740800000,660406
53,47685.398378917234,21063.1342,20879.67,21197.0,21484.9,20611.45,1673827200000,769871
54,37937.17331418214,21223.3602,21191.46,21136.33,21679.1,20844.73,1673913600000,578913
55,45307.07253983381,21029.8077,21135.01,20674.29,21650.21,20370.01,1674000000000,746647
56,26934.189112995628,20886.6166,20674.03,21084.22,21207.0,20656.52,1674086400000,523776
57,40199.20858888944,21580.1896,21084.05,22669.81,22754.73,20856.0,1674172800000,751748
58,41746.54114641917,22922.0553,22670.0,22789.37,23428.6,22427.0,1674259200000,748168
59,30181.28829905608,22780.4871,22789.34,22714.87,23108.5,22298.15,1674345600000,590184
60,37256.266090320954,22849.2555,22714.81,22920.29,23180.55,22497.0,1674432000000,578321
61,44134.956680995376,22918.875,22920.67,22633.8,23165.56,22437.0,1674518400000,674619
62,47259.84480851867,22821.1929,22636.0,23062.36,23829.3,22320.0,1674604800000,641338
63,35345.7248661083,23065.9574,23054.0,23010.47,23293.3,22853.0,1674691200000,510196
64,32852.829185457995,23016.7165,23011.37,23084.4,23511.9,22492.8,1674777600000,526090
65,9878.719728223237,23016.0981,23084.38,23028.95,23196.99,22876.0,1674864000000,335976
66,28581.721848748643,23522.9894,23029.56,23745.8,23966.0,22974.75,1674950400000,648501
67,41222.80662548693,23155.3931,23744.34,22836.03,23802.99,22500.0,1675036800000,819271
68,27148.271556123087,23006.603,22836.03,23128.86,23317.9,22719.68,1675123200000,582030
69,26517.182865347102,23209.2363,23127.15,23732.6,23814.0,22753.6,1675209600000,552241
70,24676.16173020268,23840.2614,23735.3,23493.84,24282.1,23367.87,1675296000000,530896
71,19222.84825465529,23460.7852,23497.29,23433.54,23722.0,23208.01,1675382400000,436802
72,5685.312410012582,23399.7854,23433.47,23327.3,23589.8,23248.0,1675468800000,268906
73,10351.179141480836,23063.9107,23329.47,22936.34,23433.2,22758.01,1675555200000,303929
74,16311.523420832384,22897.3536,22936.34,22764.07,23163.05,22599.9,1675641600000,297980
75,13504.322780866576,23034.0546,22763.42,23244.67,23350.0,22742.0,1675728000000,329647
76,11378.222907518755,23028.7221,23244.64,22964.38,23451.01,22669.09,1675814400000,317608
77,27013.921815973008,22346.6217,22963.91,21800.63,23011.18,21700.0,1675900800000,488727
78,16881.11484414792,21739.4316,21800.62,21628.97,21942.41,21467.43,1675987200000,364109
79,6401.988544660282,21723.7859,21638.2,21863.73,21909.8,21605.35,1676073600000,219030
80,8364.02511172997,21879.7445,21863.73,21789.8,22099.9,21631.0,1676160000000,241762
81,18835.595268282505,21639.6592,21793.0,21789.14,21905.0,21354.0,1676246400000,323242
82,19006.534445122405,21970.395,21789.0,22206.27,22339.0,21505.0,1676332800000,363818
83,31402.045610658723,23270.7102,22206.26,24329.04,24393.0,22038.5,1676419200000,497617
84,41101.59775243664,24567.4712,24325.0,23521.5,25275.7,23500.0,1676505600000,583765
85,32253.073363221676,24165.4398,23525.0,24577.6,25025.0,23340.4,1676592000000,501789
86,8065.40906352316,24629.5035,24577.6,24636.23,24879.33,24407.67,1676678400000,262102
87,15201.75611898101,24674.8324,24635.85,24281.31,25209.0,24178.3,1676764800000,329288
88,19651.801612299885,24669.8534,24278.81,24844.97,25128.11,23841.08,1676851200000,475409
89,25653.493935538558,24658.1258,24844.21,24454.43,25288.88,24153.96,1676937600000,541002
90,25684.691045328484,23972.7243,24466.0,24184.44,24485.0,23578.0,1677024000000,499508
91,24366.147315058763,24072.9033,24184.9,23943.32,24602.8,23612.59,1677110400000,470569
92,28480.65714200921,23430.3802,23943.32,23186.88,24150.0,22520.0,1677196800000,482098
93,8962.125842921549,23024.5265,23186.88,23159.71,23224.9,22716.47,1677283200000,279155
94,9519.063816471218,23382.9591,23159.71,23556.83,23689.77,23052.78,1677369600000,267084
95,17262.048154398562,23472.3027,23556.83,23489.52,23895.51,23108.4,1677456000000,375954
96,13589.055716860028,23356.9495,23490.01,23133.2,23615.0,23027.24,1677542400000,348772
97,16790.070413259436,23613.7536,23133.2,23646.0,24009.0,23025.17,1677628800000,407694
98,12873.239298932689,23429.2051,23632.12,23468.24,23808.0,23196.09,1677715200000,326621
99,29098.163448022664,22403.9047,23468.79,22358.18,23482.0,21910.0,1677801600000,495270
100,3642.1175278400838,22335.5557,22362.0,22350.95,22409.82,22150.71,1677888000000,146442
101,6924.484078001803,22435.2737,22349.74,22432.69,22667.2,22195.13,1677974400000,261418
102,13138.24067444271,22428.6202,22431.99,22410.31,22600.0,22264.73,1678060800000,270778
103,14897.24681633476,22238.2586,22410.13,22198.48,22557.03,21904.3,1678147200000,339622
104,17568.177206105604,21992.8191,22194.8,21698.37,22291.0,21580.84,1678233600000,339949
105,30937.94907550839,21096.8401,21712.0,20367.01,21836.0,20042.3,1678320000000,496142
106,44788.1420894932,19974.4279,20366.97,20230.08,20382.0,19549.9,1678406400000,634861
107,34944.57040214252,20406.6196,20230.07,20620.54,20964.5,19863.0,1678492800000,539823
108,32171.150084912,21180.8798,20619.34,22219.08,22299.9,20357.0,1678579200000,515024
109,59115.52595242586,23364.2339,22216.02,24220.0,24710.0,21867.8,1678665600000,775688
110,66615.07304265896,25182.2658,24188.0,24762.65,26553.9,24051.0,1678752000000,889694
111,40391.47395966212,24641.1606,24730.0,24377.16,25324.0,23913.3,1678838400000,654180
112,29213.22643861599,24793.548,24377.16,25051.85,25235.28,24186.0,1678924800000,504536
113,61831.95491162201,26518.6259,25052.11,27453.62,27839.2,24946.86,1679011200000,856946
114,28625.33311835562,27343.4253,27453.75,26980.35,27795.0,26547.0,1679097600000,554023
115,28511.705105435078,27787.8838,26980.35,28054.46,28478.0,26838.0,1679184000000,552950
116,35543.219992126826,27932.5257,28058.15,27823.32,28590.6,27130.0,1679270400000,626361
117,23957.917758974072,28065.8239,27822.85,28207.33,28605.32,27312.0,1679356800000,489202
118,48149.414723071204,28043.7954,28201.22,27300.0,28937.73,26591.0,1679443200000,731557
119,37552.33699735767,28000.9213,27324.05,28352.94,28839.68,27094.0,1679529600000,600728
120,30698.223381133437,27879.8036,28352.95,27489.24,28433.34,27000.0,1679616000000,569717
121,13293.244609140724,27505.0426,27489.24,27488.18,27829.7,27163.9,1679702400000,382794
122,13936.936930806192,27836.9627,27489.56,27992.9,28240.4,27438.0,1679788800000,367295
123,24937.53993555716,27325.3821,27995.27,27142.87,28053.26,26491.9,1679875200000,453920
124,19481.2331157522,27042.0175,27142.85,27274.15,27529.0,26600.0,1679961600000,507096
125,25753.42812722712,28188.5146,27274.18,28359.54,28654.06,27253.0,1680048000000,577379
126,29743.217287079442,28393.5617,28359.54,28035.48,29190.04,27677.0,1680134400000,609242
127,24987.374674273757,28227.6258,28034.88,28474.4,28651.0,27504.0,1680220800000,541453
128,10235.05993186201,28485.6535,28468.2,28471.46,28826.45,28201.0,1680307200000,324734
129,9693.856631771449,28186.337,28471.03,28188.34,28544.21,27839.0,1680393600000,291931
130,24030.99884093056,27983.4019,28188.34,27800.7,28525.0,27212.7,1680480000000,501489
131,17115.182552042217,28123.1659,27809.55,28179.64,28450.0,27668.8,1680566400000,426891
132,21008.497384932703,28327.9639,28178.66,28175.37,28801.0,27813.1,1680652800000,452807
133,13692.477772902093,27992.9105,28152.0,28053.46,28199.11,27700.0,1680739200000,395447
134,7506.164169892444,27941.7789,28052.74,27931.94,28120.71,27755.0,1680825600000,318360
135,5070.492533032284,28012.1536,27923.0,27958.81,28175.89,27833.0,1680912000000,234528
136,8505.31081317124,28133.4398,27958.19,28340.99,28548.7,27767.0,1680998400000,255542
137,23345.606096754822,28947.58,28342.28,29660.41,29800.0,28136.0,1681084800000,451490
138,27027.70551938131,30124.4442,29654.9,30227.19,30586.0,29579.0,1681171200000,561381
139,21231.049841125543,30056.1626,30227.18,29912.2,30517.0,29645.8,1681257600000,455711
140,17930.83316802443,30299.536,29912.2,30406.78,30650.8,29867.0,1681344000000,438589
141,27510.62918843973,30588.0128,30385.0,30492.92,31050.0,30000.0,1681430400000,564849
142,7861.33127586215,30386.9614,30492.91,30324.11,30624.1,30192.0,1681516800000,320185
143,9504.127951621076,30334.4061,30325.07,30326.09,30623.0,30103.0,1681603200000,271427
144,19229.837173161322,29685.0997,30316.1,29449.91,30340.21,29251.71,1681689600000,390906
145,19512.265248204738,30031.6985,29449.91,30393.4,30527.0,29103.89,1681776000000,420390
146,30560.676130949807,29340.424,30392.0,28809.72,30430.72,28577.0,1681862400000,545470
147,23388.003797934798,28592.0689,28809.0,28248.18,29102.69,27991.32,1681948800000,471377
148,25875.07214013698,27826.2131,28248.18,27264.3,28381.0,27133.0,1682035200000,510704
149,10130.336864032974,27487.5037,27252.96,27821.41,27892.2,27133.0,1682121600000,287682
150,8516.152190272107,27563.9427,27820.99,27592.98,27827.0,27333.0,1682208000000,256525
151,17394.267567962903,27453.9944,27592.7,27515.05,28007.0,26965.14,1682294400000,355690
152,16874.08749568411,27655.8248,27513.85,28304.42,28400.0,27189.0,1682380800000,389178
153,44366.465584736085,28790.6243,28300.9,28426.08,30050.66,27230.77,1682467200000,600642
154,32346.01312340123,29241.2799,28428.86,29483.72,29900.0,28387.07,1682553600000,531872
155,19328.84059792601,29294.858,29486.97,29338.63,29606.45,28900.0,1682640000000,425045
156,6842.28078868178,29298.4861,29339.47,29249.35,29470.0,29015.0,1682726400000,240501
157,12423.352569882965,29500.1399,29249.24,29254.0,29975.0,29095.92,1682812800000,280092
158,24613.280175878255,28372.0028,29245.3,28077.27,29348.6,27643.2,1682899200000,463034
159,18112.51231825818,28388.3207,28101.0,28684.4,28937.5,27871.44,1682985600000,409547
160,20602.56611421819,28572.4272,28683.41,29038.75,29282.0,28122.0,1683072000000,434228
161,14289.688415855795,28965.9914,29039.36,28857.23,29412.0,28674.58,1683158400000,354690
162,20151.67155080517,29330.7869,28857.88,29536.76,29706.57,28810.0,1683244800000,415406
163,12658.17752151606,29072.5792,29538.87,28902.66,29868.1,28338.0,1683331200000,317242
164,8361.272513322565,28879.7245,28901.3,28468.0,29191.8,28429.12,1683417600000,242698
165,21675.075861507114,27874.6049,28472.68,27695.06,28686.0,27279.66,1683504000000,458757
166,12994.033853744004,27601.5924,27693.24,27635.0,27846.0,27367.01,1683590400000,331002
167,25592.13642968163,27699.7797,27647.29,27624.01,28340.0,26792.9,1683676800000,412841
168,18370.162118886474,27172.8115,27621.5,26986.56,27654.0,26702.0,1683763200000,367474
169,25956.990815368998,26414.0447,26986.79,26808.84,27125.0,25810.0,1683849600000,451693
170,6680.031552121824,26853.962,26800.0,26786.3,27105.5,26700.0,1683936000000,223919
171,5897.3205293311585,26907.4206,26788.4,26929.98,27221.51,26581.52,1684022400000,218844
172,17056.646549623132,27326.8147,26929.98,27171.13,27678.73,26727.8,1684108800000,346206
173,14548.132909303422,27055.6714,27166.2,27037.68,27313.0,26850.1,1684195200000,308599
174,19046.11721729398,27014.4303,27037.72,27407.77,27532.0,26543.87,1684281600000,337208
175,17927.481109554028,27034.5243,27402.3,26817.9,27506.0,26345.0,1684368000000,333599
176,10047.3639274936,26887.6505,26819.0,26890.27,27219.0,26632.73,1684454400000,270041
177,4337.269055380455,26994.1205,26890.27,27113.61,27178.99,26834.2,1684540800000,171631
178,7869.178017491415,26959.0863,27111.1,26752.65,27297.0,26667.4,1684627200000,195262
179,11107.292726275178,26819.4152,26749.5,26854.73,27130.0,26512.4,1684713600000,257943
180,14824.598577487695,27253.0684,26854.09,27221.5,27543.0,26803.46,1684800000000,309837
181,21877.212701425156,26482.5893,27222.86,26321.4,27239.0,26067.0,1684886400000,368433
182,15340.26441163546,26292.6133,26321.42,26479.06,26644.0,25864.35,1684972800000,315357
183,13750.19948724065,26664.7272,26479.15,26736.0,26950.0,26334.33,1685059200000,282783
184,5205.7141697810175,26737.0623,26711.56,26873.7,26943.6,26554.8,1685145600000,169934
185,14971.238493283887,27489.5636,26873.7,28070.04,28277.56,26780.11,1685232000000,263115
186,15110.209850128836,27948.5631,28070.04,27744.82,28475.0,27534.81,1685318400000,288778
187,15964.481932342085,27808.4942,27744.81,27699.2,28069.0,27555.0,1685404800000,316561
188,20024.682809454822,27157.1419,27700.68,27223.08,27856.0,26841.3,1685491200000,363755
189,15624.627721330367,26909.3725,27215.1,26828.42,27360.31,26571.5,1685577600000,355590
190,15817.393506223014,27045.0053,26832.0,27250.69,27312.2,26500.1,1685664000000,344226
191,5092.018436740317,27156.4247,27252.67,27077.6,27344.6,26923.35,1685750400000,185655
192,5480.958993490616,27196.3821,27078.27,27126.0,27489.0,26958.98,1685836800000,185851
193,25268.38098465086,26127.4563,27122.03,25741.5,27137.75,25391.0,1685923200000,506710
194,26219.780620328514,26311.4569,25742.0,27243.63,27368.67,25331.0,1686009600000,498043
195,22394.40500206427,26651.9431,27243.45,26346.41,27402.79,26121.06,1686096000000,413278
196,11347.771070794155,26496.442,26347.09,26506.7,26845.0,26212.63,1686182400000,305077
197,13009.200842117873,26526.5914,26505.71,26482.81,26804.0,26275.4,1686268800000,350925
198,23209.88243884472,25792.5711,26482.8,25856.1,26556.0,25385.52,1686355200000,548283
199,10671.399004254463,25888.1458,25856.1,25937.02,26233.0,25648.0,1686441600000,284371
200,12999.085856006695,25859.2624,25936.98,25905.82,26125.0,25616.98,1686528000000,331770
201,17855.17477048523,26011.4646,25927.0,25930.23,26455.0,25710.78,1686614400000,420326
202,19928.7054278075,25537.7187,25929.35,25123.34,26113.0,24818.0,1686700800000,424409
203,24162.28738188538,25138.1662,25124.0,25569.99,25766.0,24750.0,1686787200000,555347
204,21407.07719975411,25885.1554,25569.99,26329.6,26570.0,25140.0,1686873600000,469884
205,9792.274539664142,26490.9939,26329.6,26506.56,26857.0,26165.98,1686960000000,289272
206,7100.6741179220035,26506.4401,26507.97,26336.46,26729.0,26245.27,1687046400000,213143
207,14144.69529970422,26608.1767,26336.46,26837.78,27075.0,26250.0,1687132800000,309417
208,38390.596724384275,27533.1501,26858.0,28320.43,28417.11,26637.41,1687219200000,499064
209,44384.067834447866,29487.1577,28320.41,29995.08,30801.0,28271.67,1687305600000,634973
210,26202.76174347193,30075.8069,29999.85,29886.31,30527.0,29539.57,1687392000000,502948
211,31244.359926668683,30607.6584,29886.25,30707.61,31443.67,29802.65,1687478400000,546348
212,9623.04634108292,30607.1793,30687.7,30547.18,30820.0,30254.6,1687564800000,258632
213,8909.245022132367,30633.9997,30547.3,30480.24,31070.0,30250.0,1687651200000,249243
214,16345.89278619019,30276.9845,30480.24,30264.2,30685.0,29900.0,1687737600000,358429
215,16409.937258682614,30623.5859,30272.24,30697.38,31020.54,30223.6,1687824000000,346245
216,13861.890732947553,30246.1483,30696.06,30074.94,30731.0,29834.2,1687910400000,364904
217,16071.586503792712,30503.4538,30074.93,30450.6,30849.0,30036.18,1687996800000,348932
218,35670.901109556755,30422.1243,30445.67,30466.72,31300.0,29375.6,1688083200000,599232
219,5668.988561250497,30524.2442,30475.0,30587.21,30689.0,30312.8,1688169600000,221445
220,6257.883407050745,30535.8571,30591.7,30613.51,30830.0,30165.39,1688256000000,229406
221,15271.621762194267,30951.3302,30622.7,31161.8,31416.0,30569.0,1688342400000,367504
222,10579.804887839318,30992.0087,31145.0,30771.25,31347.0,30622.6,1688428800000,287370
223,12416.592969233187,30489.0034,30781.9,30499.27,30898.0,30160.4,1688515200000,290957
224,24227.16805427962,30583.8567,30499.27,29899.38,31631.0,29850.0,1688601600000,436446
225,14694.198581175911,30199.4493,29929.0,30352.08,30469.0,29699.0,1688688000000,310542
226,4961.0467279406175,30222.8498,30339.1,30291.69,30406.0,30047.78,1688774400000,174022
227,5233.561888120906,30268.2072,30294.3,30168.38,30474.0,30066.95,1688860800000,173650
228,16471.34854785529,30409.234,30168.26,30419.89,31060.0,29955.0,1688947200000,312772
229,13116.437772481968,30524.395,30419.89,30626.55,30836.0,30304.45,1689033600000,285237
230,18463.20537516335,30601.7395,30623.9,30381.81,31000.0,30200.0,1689120000000,310748
231,33792.50515539889,31040.7128,30383.26,31471.83,31862.21,30217.1,1689206400000,451054
232,25827.075092995274,30824.3005,31471.83,30330.52,31663.0,29920.31,1689292800000,442623
233,3556.333953780876,30322.9329,30330.93,30301.65,30419.0,30254.67,1689379200000,192814
234,5357.030840950639,30296.444,30316.0,30247.64,30484.0,30069.0,1689465600000,190838
235,14200.084152763306,30107.7103,30239.3,30143.08,30353.0,29668.58,1689552000000,276445
236,14463.178180723802,29893.7337,30143.08,29861.93,30269.0,29500.0,1689638400000,284568
237,11104.748993392475,29978.3476,29861.92,29916.72,30221.0,29757.44,1689724800000,250088
238,14983.417181682817,29960.5451,29912.7,29809.13,30438.0,29564.19,1689811200000,279441
239,10002.798110821392,29871.8383,29797.9,29940.0,30091.0,29720.3,1689897600000,255929
240,4458.036812860215,29859.1178,29907.15,29821.0,30035.0,29626.86,1689984000000,160633
241,5846.190663720914,30016.1878,29766.7,30081.61,30380.0,29733.55,1690070400000,167707
242,18669.30506199228,29263.1102,30082.4,29176.98,30125.0,28850.0,1690156800000,316870
243,8707.846446461695,29203.362,29176.98,29225.14,29404.0,29046.0,1690243200000,236542
244,12414.496458241445,29341.1556,29225.11,29353.23,29721.0,29089.54,1690329600000,273561
245,9325.62334759181,29326.0293,29336.1,29214.92,29601.0,29071.7,1690416000000,232193
246,8528.842487050853,29289.0794,29214.93,29316.15,29578.0,29112.8,1690502400000,251017
247,3673.0643958601063,29327.239,29316.05,29355.71,29444.0,29253.44,1690588800000,177287
248,5324.445119430477,29267.8746,29360.5,29281.39,29488.0,29033.0,1690675200000,180620
249,10691.259022521295,29301.6619,29280.41,29230.67,29560.0,29102.65,1690761600000,246421
250,22241.788804542226,29042.3898,29227.6,29697.27,29755.0,28477.0,1690848000000,356504
251,22043.70679524385,29400.0259,29733.0,29164.22,30076.0,28903.79,1690934400000,349836
252,11459.867402137947,29190.3295,29152.3,29174.18,29442.0,28938.93,1691020800000,255399
253,9087.980591851609,29127.2272,29187.2,29076.48,29337.0,28747.1,1691107200000,254219
254,3315.8402369599776,29033.1871,29073.0,29047.1,29153.0,28946.17,1691193600000,158553
255,3303.791016160187,29049.741,29047.33,29040.01,29198.0,28952.1,1691280000000,145580
256,12296.219336620945,28993.0428,29040.01,29179.21,29289.0,28628.9,1691366400000,264425
257,20377.372964741095,29623.0728,29179.0,29770.01,30284.0,29104.65,1691452800000,357328
258,14079.43509435958,29709.3424,29766.6,29562.76,30170.0,29344.16,1691539200000,287478
259,10023.34769761284,29487.3622,29597.0,29424.03,29745.0,29306.0,1691625600000,248987
260,8096.4004259411195,29384.6692,29424.04,29400.45,29557.0,29208.1,1691712000000,226105
261,2492.4863888601462,29414.0008,29399.0,29416.96,29497.0,29349.98,1691798400000,144713
262,2890.8231689202344,29366.5849,29412.5,29275.94,29477.0,29247.15,1691884800000,140183
263,9101.782905751814,29396.9184,29315.0,29405.49,29689.0,29072.96,1691971200000,235181
264,7503.032885700751,29270.9816,29405.49,29170.14,29499.0,29046.58,1692057600000,235658
265,12211.064930092502,29026.7721,29200.0,28700.51,29255.0,28690.37,1692144000000,286662
266,38641.14783436029,27563.7812,28729.0,26627.57,28779.0,24713.0,1692230400000,663658
267,26342.97870755496,26236.9207,26627.21,26048.89,26834.37,25607.1,1692316800000,530269
268,7832.977927251492,26021.7181,26048.9,26096.42,26288.0,25793.11,1692403200000,229341
269,5528.788231450634,26128.643,26096.4,26189.14,26314.0,25975.01,1692489600000,171239
270,12080.833109381849,26040.3806,26189.36,26125.18,26279.0,25807.3,1692576000000,257592
271,15130.652898756014,25874.8254,26125.16,26040.4,26156.0,25350.0,1692662400000,313203
272,19335.25241160595,26292.4401,26040.5,26427.54,26840.0,25796.47,1692748800000,329845
273,12251.075807504776,26213.4469,26417.5,26163.49,26599.0,25850.0,1692835200000,310255
274,13627.25715478573,26013.7563,26160.0,26049.8,26326.0,25750.0,1692921600000,289848
275,2428.6151377800015,26038.0569,26049.4,26009.61,26192.0,25971.44,1693008000000,135928
276,2641.8155278200265,26080.3422,26002.4,26091.16,26198.0,25961.81,1693094400000,123315
277,7495.415498601789,26039.5871,26091.16,26109.6,26264.0,25850.0,1693180800000,199756
278,28801.74250841158,27346.5554,26109.6,27717.98,28193.0,25903.18,1693267200000,424186
279,13116.56946325353,27336.4857,27749.0,27306.06,27793.0,27005.2,1693353600000,266719
280,20462.049334663145,26603.9336,27326.0,25932.45,27605.5,25660.61,1693440000000,342178
281,19587.91629530504,25783.1462,25936.3,25794.88,26166.0,25307.37,1693526400000,363104
282,5599.54531629039,25830.6124,25808.3,25869.7,25995.0,25707.3,1693612800000,187602
283,4507.97003508028,25937.0147,25869.7,25969.83,26137.0,25792.29,1693699200000,149894
284,6209.08498182062,25862.5198,25969.4,25816.13,26100.0,25627.0,1693785600000,181511
285,8015.552952651303,25730.1659,25806.3,25783.91,25909.0,25551.36,1693872000000,214944
286,11669.671648812791,25687.6834,25788.8,25747.63,26067.0,25358.0,1693958400000,248172
287,14267.79248401322,25951.9692,25747.63,26276.3,26487.7,25595.8,1694044800000,244753
288,14189.402185534143,25997.8351,26274.0,25906.34,26460.41,25640.1,1694131200000,242407
289,2829.6755997102314,25872.6056,25905.3,25891.3,25950.0,25791.45,1694217600000,129138
290,5827.520567851061,25798.8284,25891.3,25831.76,26042.0,25578.01,1694304000000,149445
291,17908.90558831693,25290.8491,25831.77,25152.14,25904.0,24900.0,1694390400000,285826
292,25906.862011178222,25968.9027,25163.4,25840.61,26575.0,25120.76,1694476800000,353976
293,13871.095750043589,26143.0919,25839.95,26226.65,27212.0,25763.43,1694563200000,238349
294,18076.43217570317,26529.0483,26238.0,26532.76,26869.06,26128.25,1694649600000,276191
295,12984.52418452192,26485.1468,26535.5,26602.42,26910.0,26213.96,1694736000000,259367
296,4955.600235679828,26575.3745,26610.1,26569.69,26792.0,26453.32,1694822400000,172717
297,3981.5119427502163,26521.929,26575.0,26530.95,26634.0,26405.04,1694908800000,141619
298,23409.416034508627,27004.2445,26543.0,26764.49,27468.1,26382.13,1694995200000,324373
299,18876.088876450194,27148.2599,26758.3,27216.13,27508.0,26666.93,1695081600000,297338
300,15216.856085745956,27110.7341,27216.52,27123.94,27414.0,26798.98,1695168000000,276108
301,15860.777258264943,26690.1606,27135.1,26567.6,27167.0,26358.2,1695254400000,263861
302,11976.665982702314,26610.8776,26567.6,26578.4,26749.0,26467.94,1695340800000,222913
303,4036.447193950329,26587.0557,26578.4,26579.6,26810.0,26500.0,1695427200000,145784
304,7344.407919350665,26496.8145,26579.59,26250.24,26768.0,26118.86,1695513600000,165573
305,14875.143177963193,26203.5428,26293.0,26296.08,26466.0,25983.78,1695600000000,252466
306,9176.83630199953,26220.5493,26289.8,26208.44,26410.0,26080.0,1695686400000,206141
307,18060.025435709216,26402.3176,26214.9,26359.9,26876.0,26088.37,1695772800000,268911
308,22561.245505560048,26867.7824,26357.56,27027.14,27335.0,26321.37,1695859200000,297690
309,15814.497181300825,26947.037,27027.3,26907.0,27264.0,26661.71,1695945600000,258584
310,5336.814536240815,26982.1913,26920.1,26961.0,27110.0,26884.86,1696032000000,158232
311,12382.31513936321,27542.9537,26972.1,27995.46,28105.0,26955.25,1696118400000,236419
312,32706.12199481325,28061.3182,27995.46,27504.04,28613.37,27298.0,1696204800000,405610
313,17370.88515368263,27433.4523,27532.0,27428.96,27700.0,27160.47,1696291200000,275161
314,12788.35884951181,27535.9547,27428.96,27786.75,27846.0,27208.65,1696377600000,242629
315,18001.332540909603,27699.4562,27800.0,27413.8,28140.0,27358.05,1696464000000,279039
316,17232.89093354511,27763.2167,27413.8,27945.17,28297.0,27173.41,1696550400000,306722
317,4748.550423800992,27940.1245,27947.8,27976.43,28040.84,27840.0,1696636800000,163802
318,5098.696867750869,27926.6768,27973.4,27933.55,28109.94,27708.6,1696723200000,161151
319,15594.71608394797,27593.9954,27933.54,27596.67,28003.7,27268.63,1696809600000,274487
320,13125.717596612725,27473.997,27586.1,27393.29,27752.0,27291.81,1696896000000,237010
321,21529.99629811929,26922.438,27397.3,26869.19,27492.0,26521.32,1696982400000,317243
322,10925.69028405186,26733.8111,26868.2,26750.51,26964.0,26537.72,1697068800000,224224
323,11661.449196250906,26849.7349,26794.0,26867.9,27140.0,26662.62,1697155200000,234913
324,3878.526884900356,26884.662,26867.9,26851.71,26995.0,26797.0,1697241600000,141199
325,7710.0875256911695,27073.1866,26851.71,27186.13,27304.0,26806.06,1697328000000,166743
326,48566.44292996274,28253.9255,27186.13,28520.24,30208.0,27119.9,1697414400000,544929
327,17326.46674800579,28414.9893,28516.8,28410.0,28637.21,28083.19,1697500800000,308695
328,14876.443152926226,28456.8673,28408.51,28326.51,28999.98,28151.6,1697587200000,300736
329,16596.19519741294,28577.6857,28326.24,28726.9,28955.0,28122.57,1697673600000,326394
330,27061.412863866142,29547.2144,28734.51,29684.73,30260.0,28591.85,1697760000000,448015
331,9412.677030121653,29899.1515,29680.9,29924.84,30369.0,29475.06,1697846400000,235551
332,7552.858811070171,29926.02,29925.91,30004.15,30275.0,29668.0,1697932800000,206345
333,47149.55282034107,31626.3779,30004.14,33087.58,35000.0,29890.89,1698019200000,709056
334,51659.28557555184,34081.7366,33084.4,33922.52,35225.0,32851.0,1698105600000,849286
335,24827.736185113954,34462.8682,33921.6,34506.35,35152.0,33690.91,1698192000000,421127
336,20751.57895983245,34221.536,34504.33,34154.71,34843.04,33717.2,1698278400000,381068
337,17678.598332582693,33919.1856,34153.35,33906.09,34269.0,33318.6,1698364800000,300071
338,6346.222647200909,34145.6525,33915.1,34085.42,34531.0,33852.8,1698451200000,178223
339,8560.598133881818,34437.1356,34085.42,34534.48,34783.0,33937.31,1698537600000,193769
340,14077.711118352741,34468.6709,34534.48,34493.79,34953.4,34077.9,1698624000000,248032
341,12530.454739981622,34414.3133,34508.1,34656.4,34732.18,34038.79,1698710400000,252819
342,21990.99457728188,34769.6885,34653.9,35440.1,35647.19,34079.46,1698796800000,372309
343,19633.25642191019,35149.1665,35441.7,34950.0,35997.8,34311.73,1698883200000,358563
344,17580.765055601223,34525.3377,34947.92,34731.27,34954.6,34100.0,1698969600000,358702
345,7015.023593800654,34837.4481,34730.32,35090.3,35296.0,34599.85,1699056000000,205758
346,8328.056750291418,35030.5883,35091.1,35035.42,35439.0,34479.0,1699142400000,219372
347,9031.178320961637,35027.465,35035.79,35059.46,35323.0,34753.66,1699228800000,246802
348,17389.498627963476,35194.3291,35028.6,35416.28,35963.0,34518.0,1699315200000,343022
349,15511.345017905101,35529.4554,35449.1,35639.13,36113.59,35100.0,1699401600000,311917
350,41092.963234284776,36725.6049,35639.13,36706.59,37999.0,35517.3,1699488000000,655569
351,20591.50023106141,37066.9025,36702.5,37301.0,37548.8,36334.46,1699574400000,411590
352,8286.818863001703,37071.9092,37311.7,37139.12,37424.03,36651.0,1699660800000,247283
353,4941.516481990443,37076.1817,37139.94,37086.03,37247.0,36727.3,1699747200000,186563
354,15049.499597457863,36829.1813,37053.9,36494.1,37444.0,36351.0,1699833600000,327228
355,22715.548636068837,35966.6466,36494.1,35554.09,36756.16,34666.0,1699920000000,404101
356,26381.792416145643,36908.452,35554.1,37885.35,37987.0,35358.45,1700006400000,529801
357,25829.054796816865,36639.0142,37856.0,36161.15,37958.75,35511.11,1700092800000,469464
358,17689.67674299156,36360.0234,36161.15,36625.0,36888.0,35851.2,1700179200000,319352
359,4961.651855590686,36546.4848,36631.56,36594.89,36857.15,36205.89,1700265600000,180911
360,6637.247370100936,36879.1343,36596.14,37391.19,37546.62,36404.52,1700352000000,185046
361,19933.89923549112,37365.5431,37379.0,37475.64,37784.07,36620.0,1700438400000,347229
362,29781.556916316415,36908.8506,37480.5,35751.89,37675.77,35744.9,1700524800000,424565
363,25815.682909892173,36829.6958,35756.0,37424.31,37888.0,35633.0,1700611200000,416400
364,11255.70344309498,37323.1127,37428.1,37300.9,37653.67,36874.7,1700697600000,250251
365,25398.319833813806,37848.7917,37300.9,37745.84,38454.0,37248.0,1700784000000,412230
366,5900.593432540458,37770.0484,37746.29,37805.99,37920.27,37583.0,1700870400000,170581
367,9283.43340594138,37491.3448,37781.0,37462.79,37842.17,37117.0,1700956800000,212368
368,17398.233303532234,37066.485,37469.9,37241.63,37578.42,36715.1,1701043200000,290725
369,23519.594636871952,37803.5039,37254.1,37838.26,38425.96,36873.55,1701129600000,336526
370,18729.83823372214,37957.302,37838.26,37863.84,38480.0,37555.0,1701216000000,301925
371,10547.50291791071,37763.3907,37864.79,37732.27,38152.18,37490.0,1701302400000,235665
372,22789.851736040953,38527.3418,37732.27,38703.54,39000.0,37618.0,1701388800000,405390
373,12361.73849266264,39151.5397,38690.0,39478.95,39740.0,38634.0,1701475200000,276518
374,10699.749838323205,39704.2976,39467.42,39984.81,40221.22,39253.0,1701561600000,280060
375,32400.89486495723,41409.4421,39975.1,41987.24,42415.5,39476.0,1701648000000,565834
376,34916.9349298997,42953.9916,41983.0,44084.39,45000.0,40849.0,1701734400000,591912
377,24660.42372229832,43902.7293,44086.33,43761.7,44297.0,43335.5,1701820800000,456378
378,18639.499968512984,43465.0138,43809.0,43280.95,44091.0,42846.53,1701907200000,366895
379,19135.757218053423,43833.9255,43288.1,44192.87,44754.99,43086.0,1701993600000,358153
380,8473.693434901174,44006.3542,44192.86,43723.25,44384.68,43586.14,1702080000000,236620
381,6232.076501981144,43823.9222,43722.84,43793.68,44066.0,43562.06,1702166400000,186247
382,35445.40136005956,41660.4556,43793.67,41229.61,43842.0,39999.0,1702252800000,528388
383,18143.572584052064,41471.0772,41236.9,41477.39,42300.0,40636.51,1702339200000,319369
384,20914.557157635176,42003.7843,41477.6,42885.54,43475.0,40553.15,1702425600000,361595
385,20503.47930140568,42746.3564,42889.1,43027.77,43470.0,41359.0,1702512000000,363455
386,14295.062770914623,42318.3415,43027.77,41933.89,43106.0,41640.51,1702598400000,318911
387,7450.71614399271,42247.0147,41934.84,42237.29,42746.0,41626.66,1702684800000,232045
388,10630.181342181319,41873.0287,42235.23,41349.59,42448.0,41222.0,1702771200000,228967
389,18252.33167576893,41505.4545,41349.59,42650.01,42773.0,40508.0,1702857600000,322988
390,17413.69422059899,42586.6223,42644.7,42266.22,43529.0,41780.0,1702944000000,314676
391,25467.63944575013,43610.5836,42267.1,43674.77,44363.0,42184.48,1703030400000,373589
392,16951.863061412543,43741.4543,43630.0,43875.32,44250.0,43295.78,1703116800000,290929
393,14334.761922780774,43821.5884,43875.56,44013.73,44444.0,43412.82,1703203200000,267846
394,5872.449681220971,43709.0385,43997.0,43726.35,44068.0,43314.0,1703289600000,186770
395,7990.304476221853,43504.7368,43728.36,43025.03,43985.67,42614.17,1703376000000,207217
396,7350.270069471242,43366.3418,43014.9,43589.67,43881.0,42755.35,1703462400000,172801
397,18140.77213837275,42486.5073,43604.1,42515.53,43649.0,41600.67,1703548800000,289519
398,16064.1387541575,43052.3721,42519.1,43474.4,43709.98,42111.47,1703635200000,284295
399,17412.882144823063,42925.6589,43469.06,42581.23,43830.34,42265.08,1703721600000,330504
400,21003.815934003112,42308.0577,42581.23,42063.45,43175.0,41300.0,1703808000000,357125
401,13585.531731741532,42110.9407,42097.9,42141.03,42665.0,41518.19,1703894400000,253042
402,13553.305702442558,42439.9872,42139.32,42288.06,42939.0,41964.68,1703980800000,215366
403,11571.132272252362,43114.6615,42241.1,44220.78,44240.8,42175.65,1704067200000,219298
404,39113.6281522264,45190.5321,44180.8,44972.8,45925.82,44113.2,1704153600000,522828
405,43428.97340344553,43034.5792,44972.81,42862.44,45559.0,39501.0,1704240000000,622288
406,23483.267113926853,43804.8366,42860.58,44193.29,44810.0,42650.0,1704326400000,367559
407,23295.117121494848,43711.2836,44198.35,44186.59,44449.0,42413.0,1704412800000,373665
408,7422.341112331489,43857.4888,44179.9,44018.0,44263.0,43436.5,1704499200000,180768
409,8044.732283182773,44095.3438,43960.0,43959.0,44510.01,43627.0,1704585600000,184630
410,37061.96436286115,45541.5938,43954.52,46995.1,47330.0,43200.44,1704672000000,570177
411,38524.350057053976,46491.2035,46989.5,46124.08,47988.0,44500.0,1704758400000,656435
412,49773.3582634139,45878.5148,46120.79,46666.11,47732.5,44268.0,1704844800000,738646
413,50944.64533833511,46947.4415,46654.0,46350.4,49102.29,45555.55,1704931200000,762583
414,59970.9527363467,44196.8707,46350.4,42773.03,46522.2,41444.97,1705017600000,791172
415,13737.624864085004,42831.5723,42775.1,42839.33,43250.0,42427.0,1705104000000,315568
416,11736.23537913369,42547.6023,42827.9,41697.33,43075.0,41680.73,1705190400000,254369
417,14184.84569772358,42593.5944,41698.13,42520.0,43369.0,41680.0,1705276800000,286077
418,21236.810862302398,42984.3473,42499.3,43130.45,43588.0,42028.02,1705363200000,390408
419,19248.80836952228,42620.9692,43130.35,42739.49,43215.0,42160.0,1705449600000,343705
420,29890.466539984263,41649.2286,42737.68,41293.5,42932.0,40600.05,1705536000000,392081
421,27855.61115430643,41263.728,41290.57,41624.07,42212.0,40236.49,1705622400000,384868
422,7096.28753251149,41601.0113,41623.94,41666.67,41944.0,40000.0,1705708800000,189193
423,5268.617377100797,41698.6924,41666.67,41554.05,42260.0,41472.49,1705795200000,149600
424,33767.231491860824,40405.9444,41670.0,39524.27,41775.0,39372.44,1705881600000,440095
425,28114.91671063499,39263.6977,39510.0,39878.3,40215.0,38501.0,1705968000000,422574
426,21769.698772998032,39871.7516,39878.28,40069.8,40599.0,39382.15,1706054400000,332209
427,16735.523332165852,39893.3563,40079.87,39941.66,40333.0,39503.0,1706140800000,254578
428,25444.491195520382,41317.6759,39941.66,41814.8,42243.14,39805.95,1706227200000,353696
429,5516.929458381651,41812.7495,41814.96,42126.55,42204.0,41383.94,1706313600000,162020
430,6906.719029741704,42272.2683,42126.55,42034.59,42839.07,41617.53,1706400000000,171880
431,15637.156951694247,42722.6475,42025.0,43269.5,43333.0,41787.35,1706486400000,257880
432,19919.379506534315,43450.3182,43272.7,42942.78,43872.99,42680.2,1706572800000,287585
433,19446.882335773065,42982.206,42955.0,42548.08,43742.3,42265.77,1706659200000,273550
434,15130.836461533445,42551.1031,42551.7,43075.2,43276.19,41846.04,1706745600000,269772
435,15165.356765253753,43044.4664,43075.3,43181.66,43700.0,42527.58,1706832000000,250322
436,3069.056594700402,43100.0274,43183.62,43010.67,43366.0,42863.58,1706918400000,129634
437,3898.363555500461,42798.4293,43007.82,42568.55,43109.0,42228.01,1707004800000,132617
438,11374.964509474737,42746.4013,42591.3,42657.67,43540.0,42235.0,1707091200000,221152
439,9990.22960118174,43026.4095,42650.0,43095.79,43387.0,42516.07,1707177600000,220996
440,17944.147697913057,43585.6018,43085.0,44343.61,44430.0,42760.44,1707264000000,274996
441,24499.503102522547,45038.0821,44330.0,45329.6,45637.38,44323.0,1707350400000,379837
442,30597.29528200841,47080.0096,45280.0,47160.41,48230.02,45246.0,1707436800000,473764
443,8000.422264321736,47450.9327,47157.01,47767.06,48190.0,46889.53,1707523200000,209765
444,8336.231897111864,48205.0681,47767.06,48316.3,48614.0,47580.9,1707609600000,216643
445,28044.659629649363,49359.7281,48321.14,49941.81,50363.42,47642.0,1707696000000,432269
446,26690.211311180094,49354.8674,49941.95,49725.36,50423.42,48240.0,1707782400000,412197
447,28019.370171001457,51290.5939,49750.1,51858.59,52136.8,49253.92,1707868800000,468121
448,25013.753372190306,52090.5666,51835.2,51934.29,52890.0,51280.0,1707955200000,486510
449,17144.98668249129,52033.0719,51947.1,52162.64,52608.2,51580.0,1708041600000,352064
450,8883.469746892166,51417.1217,52185.3,51700.0,52214.05,50130.0,1708128000000,220798
451,6551.295609511554,51845.6793,51700.1,52153.63,52451.0,51165.0,1708214400000,198699
452,8822.595329122643,52107.0578,52157.1,51787.05,52501.01,51648.0,1708300800000,242415
453,23028.060137330795,51914.8171,51771.2,52167.0,53000.0,50584.0,1708387200000,385344
454,18117.36174936655,51313.0563,52270.1,51851.67,52394.91,50439.0,1708473600000,348111
455,16898.38186680822,51592.9672,51866.9,51258.7,52100.0,50890.2,1708560000000,310033
456,14216.24826204933,51018.4403,51300.1,50737.0,51537.0,50227.0,1708646400000,309611
457,5331.982110101079,51221.519,50739.4,51570.65,51736.0,50576.55,1708732800000,180385
458,6111.003062901675,51665.9453,51554.5,51731.0,51967.82,51275.01,1708819200000,180548
459,32020.825000955032,53278.0747,51733.8,54533.48,54980.0,50871.0,1708905600000,493515
460,38515.80831857773,56550.4406,54525.4,57077.07,57646.81,54384.0,1708992000000,675281
461,65601.92862209708,60481.3333,57077.08,62518.9,64100.0,56000.4,1709078400000,1094096
462,47621.038243198884,62062.2587,62489.8,61180.9,63675.48,60108.8,1709164800000,802983
463,30681.328374492583,61998.8151,61179.03,62436.72,63267.18,60500.0,1709251200000,576226
464,10456.558672512736,62044.02,62439.74,62045.78,62500.0,61584.0,1709337600000,328631
465,10579.410340873275,62356.8907,62045.78,63178.2,63260.0,61350.0,1709424000000,314418
466,52133.16140926825,66096.6608,63155.74,68098.0,68602.98,62216.0,1709510400000,907498
467,85476.96548048228,65017.2267,68356.7,63800.78,69324.58,59008.0,1709596800000,1509516
468,44033.02548165077,66148.0187,63802.15,66122.28,67681.0,62783.0,1709683200000,825631
469,27523.51610418382,67124.5179,66115.48,66938.21,68098.09,65595.0,1709769600000,618867
470,42812.29373757517,68180.5133,66938.21,68289.16,70199.0,65200.0,1709856000000,778787
471,11795.36766444294,68362.3984,68289.16,68480.0,68700.41,67719.0,1709942400000,344711
472,17430.37948084603,69326.6822,68480.01,68951.0,70000.0,68047.0,1710028800000,475654
473,44952.35231810567,71382.5716,69032.8,72110.98,72943.98,67000.0,1710115200000,864713
474,40257.052183758606,71228.0231,72100.1,71475.93,73027.63,68357.0,1710201600000,918971
475,27339.186181919315,72806.5633,71473.43,73135.04,73709.99,70976.0,1710288000000,636753
476,42665.71858346498,71219.9023,73135.04,71364.58,73835.57,68454.47,1710374400000,984488
477,51116.259752913196,68391.4054,71364.58,69520.0,72500.0,65460.0,1710460800000,1033965
478,22452.370880193022,67550.6352,69514.87,65254.22,70071.0,64774.05,1710547200000,548172
479,18896.250819064913,66878.9888,65254.22,68343.64,68927.0,64505.0,1710633600000,442839
480,25258.280699166615,67500.1474,68354.29,67613.04,68940.0,66562.65,1710720000000,530243
481,53882.12499433056,64106.4215,67600.0,61906.27,68136.39,61506.0,1710806400000,979567
482,49516.82253871595,64207.6968,62022.0,67858.8,68202.0,60771.14,1710892800000,895549
483,24555.48664048687,66510.0482,67855.88,65484.7,68280.0,64525.0,1710979200000,621560
484,23774.14154240207,64064.6907,65478.98,63814.56,66712.0,62201.0,1711065600000,660792
485,10615.216697072612,64642.5069,63814.56,63998.86,66029.09,63013.19,1711152000000,348768
486,10359.231325392617,65686.6948,63998.87,67204.93,67949.0,63785.57,1711238400000,339237
487,31307.104575000012,69156.2184,67212.69,69890.28,71269.92,66381.84,1711324800000,732703
488,20155.068485687792,70301.483,69950.1,70000.1,71582.96,69116.8,1711411200000,569836
489,26781.64595618427,69637.5941,69994.9,69437.3,71789.85,68251.0,1711497600000,622086
490,19933.541979907975,70693.0403,69437.2,70801.18,71635.99,68800.0,1711584000000,558198
491,10710.140036532179,69943.4957,70786.0,69903.75,70941.7,69015.0,1711670400000,372585
492,4242.4127139807215,69977.1798,69903.74,69626.87,70363.25,69569.03,1711756800000,237286
493,6649.246520801482,70550.6183,69652.0,71288.9,71444.0,69587.86,1711843200000,258897
494,18513.448805676693,69438.7465,71291.5,69681.1,71373.0,68055.15,1711929600000,484820
495,30832.79852348744,66052.8769,69681.1,65464.14,69711.0,64192.0,1712016000000,748173
496,17444.035729207495,66025.2967,65472.0,65987.92,66944.06,64500.0,1712102400000,438158
497,23624.26045135535,67625.0333,65984.18,68527.4,69634.0,65048.0,1712188800000,523749
498,20406.853908779965,67457.3015,68528.69,67856.51,68783.99,65959.0,1712275200000,467893
499,6124.067240281255,68283.2003,67856.51,68919.89,69693.1,67379.0,1712361600000,247970
500,7901.9930474127605,69486.092,68908.6,69350.34,70312.0,68820.0,1712448000000,325177
501,23223.579051814715,71576.5348,69350.36,71622.53,72777.0,69036.0,1712534400000,567352
502,21914.589601101146,69778.9649,71650.1,69117.01,71761.37,68200.0,1712620800000,539778
503,21928.775432553433,69027.2689,69115.79,70634.04,71341.0,67463.07,1712707200000,523393
504,14372.856794187008,70394.0358,70733.0,70046.4,71444.0,69530.0,1712793600000,416029
505,32094.801286557326,68209.7878,70103.0,67148.61,71291.0,65103.0,1712880000000,786351
506,37545.51982960271,64796.5735,67199.8,64024.77,69100.0,60495.0,1712966400000,1041828
507,26538.987589805183,64133.239,64018.6,65777.05,65909.0,62150.0,1713052800000,646041
508,27322.953087577836,64848.2963,65700.0,63452.18,66928.82,62315.08,1713139200000,665228
509,22582.62085850296,62860.4936,63441.8,63814.94,64415.0,61551.0,1713225600000,598486
510,27908.50173031259,61644.1743,63832.6,61279.36,64534.0,59648.33,1713312000000,762399
511,19600.090229615384,62791.1291,61284.4,63513.85,64210.0,60816.07,1713398400000,493620
512,29526.060603527425,63470.0901,63499.5,63848.37,65501.0,59573.32,1713484800000,754969
513,8034.73000691246,64393.4803,63846.0,64968.87,65465.0,63121.15,1713571200000,338677
514,6317.031909871909,64954.2161,64993.8,64952.92,65756.0,64250.0,1713657600000,256373
515,14674.208393758543,66153.6475,64953.0,66859.17,68158.0,64520.0,1713744000000,384705
516,11216.318416991891,66532.5241,66831.4,66414.16,67253.0,65807.0,1713830400000,356444
517,18390.331962421373,65202.5357,66419.8,64255.78,67153.0,63542.56,1713916800000,461978
518,16609.340525686952,64093.9909,64255.77,64484.44,65381.0,62743.5,1714003200000,393349
519,12487.760915875097,64044.727,64489.1,63742.39,64839.0,63287.76,1714089600000,329087
520,7688.4621976635235,63037.6848,63750.8,63425.0,64029.0,62389.0,1714176000000,261235
521,5551.1416021712785,63609.2407,63425.1,63108.94,64470.0,62743.81,1714262400000,221386
522,13377.822500071163,62745.9558,63114.1,63844.85,64304.0,61741.01,1714348800000,352229
523,26998.48751629146,61053.0543,63822.1,60622.1,64800.0,59040.3,1714435200000,592807
524,36306.16835997113,57898.2558,60610.0,58265.59,60991.0,56378.0,1714521600000,818856
525,18350.770952150266,58551.988,58267.81,59071.89,59767.0,56903.79,1714608000000,504135
526,22588.06498860277,61132.9655,59113.2,62913.03,63444.0,58821.05,1714694400000,524815
527,9341.29545499236,63518.2417,62925.8,63902.88,64644.0,62550.4,1714780800000,278892
528,6410.308083120016,63845.4607,63898.0,64023.45,64801.0,62908.34,1714867200000,273052
529,15014.69468358998,63824.4851,64067.5,63162.24,65628.0,62704.48,1714953600000,405905
530,11742.36228945821,63429.3836,63161.7,62315.76,64480.0,62252.64,1715040000000,327075
531,9857.802772441306,62125.3084,62325.0,61169.53,63112.0,60851.04,1715126400000,349677
532,10679.227749370395,61904.4023,61172.1,63073.57,63529.0,60601.6,1715212800000,309101
533,15163.250328231863,61550.7498,63052.0,60787.47,63612.0,60150.0,1715299200000,386107
534,3789.3654638304683,60940.4341,60790.8,60805.0,61588.0,60450.13,1715385600000,193373
535,3792.766457371365,61245.6893,60805.0,61453.02,61962.0,60576.05,1715472000000,204346
536,11541.77888872016,62522.5301,61444.6,62932.37,63540.0,60738.51,1715558400000,384930
537,16135.62462599838,62078.6866,62910.0,61539.84,63175.0,61000.0,1715644800000,434473
538,27716.98672330425,64615.114,61539.7,66244.69,66500.0,61299.57,1715731200000,664184
539,15424.821354775437,65754.746,66233.1,65252.18,66799.0,64557.0,1715817600000,462993
540,14778.8951649091,66576.1514,65228.4,67046.33,67618.0,65113.46,1715904000000,398826
541,4637.99978324156,66974.7154,67043.6,66923.87,67473.0,66598.0,1715990400000,235241
542,4912.141236761148,66864.232,66920.1,66262.4,67984.0,65852.02,1716076800000,240980
543,25837.14890898711,68756.982,66262.5,71432.17,71560.9,66057.03,1716163200000,615890
544,19826.247984224698,70560.5782,71432.16,70145.1,71980.0,69146.01,1716249600000,604460
545,14277.429019659008,69748.2165,70145.1,69109.93,70668.0,68725.2,1716336000000,447442
546,19011.497148756054,68230.3722,69144.1,67940.45,70500.0,66250.0,1716422400000,511572
547,12804.68779944892,68161.1374,67947.0,68547.8,69308.0,66587.91,1716508800000,389308
548,3607.6377056903534,69031.9205,68541.0,69289.67,69635.0,68487.44,1716595200000,193911
549,2949.5081756000036,68887.4445,69278.7,68473.72,69588.0,67971.1,1716681600000,187333
550,7834.055005983865,69475.1187,68474.4,69368.72,70679.0,68210.12,1716768000000,279376
551,14590.479766482238,68146.7215,69377.8,68321.98,69597.0,67194.59,1716854400000,385943
552,11508.583914956238,67787.6599,68325.0,67569.45,68971.0,67081.66,1716940800000,402522
553,14621.039771766613,68433.2896,67575.4,68338.58,69550.0,67092.91,1717027200000,419635
554,12714.239392585478,67687.9893,68365.0,67472.41,69028.0,66584.47,1717113600000,401434
555,2453.8330691899255,67659.7886,67498.1,67719.29,67890.0,67371.28,1717200000000,167543
556,3849.759698749966,67837.2387,67717.2,67735.52,68444.0,67260.0,1717286400000,180700
557,14723.958852528283,69164.4341,67731.14,68791.0,70295.78,67568.0,1717372800000,368062
558,21220.116937563525,70132.8586,68800.0,70542.32,71108.9,68542.37,1717459200000,417567
559,13144.144468488717,71104.6182,70558.7,71121.11,71804.13,70356.49,1717545600000,387983
560,9799.946710421866,70997.481,71116.3,70773.64,71651.0,70093.98,1717632000000,321355
561,18017.677623827018,70253.7138,70752.1,69394.0,71974.04,68298.55,1717718400000,477279
562,3361.942778500353,69370.2121,69317.1,69304.05,69618.0,69126.22,1717804800000,193752
563,2732.338929500212,69523.0865,69291.5,69649.9,69848.94,69101.0,1717891200000,163066
564,7800.330256482236,69630.5247,69649.9,69497.73,70187.53,69141.51,1717977600000,266440
565,21178.763949751163,67339.8748,69522.2,67316.53,69558.7,66018.69,1718064000000,573310
566,20072.119167737404,68667.2719,67330.0,68248.6,70037.0,66883.32,1718150400000,536799
567,13688.22604530725,67212.5178,68248.59,66756.5,68474.49,66200.0,1718236800000,457648
568,14036.651848974416,66106.6314,66776.0,66004.39,67370.0,65005.0,1718323200000,429427
569,2596.392308640016,66165.259,65992.1,66192.0,66442.0,65794.7,1718409600000,194286
570,2936.762575739947,66515.0692,66198.1,66628.75,66947.0,65999.0,1718496000000,171969
571,16345.443449501932,66232.9346,66630.0,66481.81,67302.0,65050.0,1718582400000,382537
572,19988.966579363736,65041.9006,66487.7,65152.8,66623.0,64010.01,1718668800000,572516
573,6315.240569602347,65155.7053,65169.7,64943.79,65820.0,64635.48,1718755200000,303055
574,11796.052707424084,65309.6755,64949.1,64840.88,66585.0,64500.0,1718841600000,374516
575,12112.126403724447,63991.2,64833.3,64087.9,65196.0,63300.93,1718928000000,414117
576,3181.7524686099146,64316.0119,64088.0,64235.01,64613.0,63910.01,1719014400000,174672
577,3176.9550407601346,63991.5764,64253.0,63171.43,64618.0,63125.75,1719100800000,192996
578,28056.30550254586,60892.3847,63169.36,60263.0,63461.0,58414.28,1719187200000,762779
579,18289.52464370195,61432.0707,60297.1,61789.71,62470.0,60217.36,1719273600000,450097
580,13088.536382955564,61298.9751,61794.1,60815.1,62558.0,60656.8,1719360000000,391066
581,12724.378121728556,61436.7825,60815.2,61615.39,62499.0,60546.94,1719446400000,361101
582,13141.524940790041,60958.8833,61617.1,60313.35,62295.0,59868.0,1719532800000,409739
583,4492.243227451966,60868.3111,60319.6,60860.0,61352.0,60273.8,1719619200000,219048
584,5696.332467431378,61746.0853,60860.0,62668.26,63131.0,60611.01,1719705600000,269092
585,14426.163916093907,63163.0605,62680.4,62830.13,63911.0,62448.46,1719792000000,394680
586,12224.288178081297,62304.5316,62830.94,62040.22,63331.0,61000.0,1719878400000,342946
587,14682.34715963025,60369.7867,62020.0,60145.01,62386.0,59332.76,1719964800000,474547
588,23071.22674860309,58033.4411,60146.6,57042.14,60550.0,56709.73,1720051200000,656002
589,35152.88896839365,55649.8024,57031.4,56639.43,57615.0,53219.0,1720137600000,859610
590,8930.475579201466,57180.5703,56650.1,58244.75,58538.0,56020.32,1720224000000,342352
591,7225.658438742464,57230.6403,58234.9,55854.09,58563.0,55717.23,1720310400000,302969
592,23020.714850126384,56154.845,55845.4,56699.3,58350.0,54278.93,1720396800000,663440
593,14464.901770290473,57512.0201,56699.3,58047.86,58422.0,56276.37,1720483200000,464244
594,14095.296974441448,58152.8965,58001.6,57712.59,59606.0,57154.1,1720569600000,467148
595,14326.025154958345,58138.0227,57742.1,57340.77,59654.0,57036.41,1720656000000,502430
596,12770.950487011007,57616.6817,57350.0,57909.03,58653.0,56538.33,1720742400000,476998
597,5857.246038272242,58742.1635,57911.5,59224.58,60063.0,57770.92,1720828800000,244190
598,8695.192284601419,60222.3499,59224.58,60808.42,61535.0,59209.2,1720915200000,295236
599,24915.285135138758,63075.5059,60810.0,64757.16,65014.0,60666.59,1721001600000,641830
600,18695.642293493634,64234.3077,64764.3,65088.99,65488.0,62410.33,1721088000000,625283
601,13094.35626413802,64937.3232,65077.1,64085.81,66180.0,63853.1,1721174400000,631346
602,9745.05126899299,64112.9901,64120.1,63982.86,65200.0,63222.6,1721260800000,423590
603,18233.872945320993,65790.1313,63960.7,66707.61,67504.22,63289.15,1721347200000,601035
604,5976.406493971239,66943.8464,66708.9,67163.83,67694.0,66271.0,1721433600000,352916
605,8257.183857072176,67303.6606,67166.1,68181.28,68479.0,65820.18,1721520000000,442513
606,13916.336665492538,67626.6658,68137.2,67558.22,68560.0,66569.42,1721606400000,541369
607,13878.06752197512,66409.2504,67595.2,65939.24,67906.0,65444.3,1721692800000,577380
608,9997.394193752847,66096.4642,65900.8,65366.4,67241.0,65090.61,1721779200000,464929
609,13300.934734938068,64560.3474,65503.0,65795.42,66241.0,63412.46,1721865600000,609851
610,12395.841364782367,67346.2391,65794.2,67924.08,68333.0,65705.6,1721952000000,578071
611,14034.384472971135,68124.6997,67914.7,67899.41,69529.0,66624.3,1722038400000,572278
612,4645.989473308362,67815.6151,67912.9,68244.3,68443.0,67021.8,1722124800000,537696
613,17576.558153538645,68332.3065,68250.0,66771.45,70162.0,66400.01,1722211200000,915778
614,11131.772096735582,66209.1662,66755.4,66169.68,67179.0,65283.68,1722297600000,486836
615,11041.132536383207,65850.7194,66175.1,64609.62,66947.0,64500.0,1722384000000,481921
616,19436.30784717,63765.9942,64638.1,65288.18,65720.0,62212.81,1722470400000,691516
617,19180.852730612307,63432.3295,65462.0,61418.06,65668.0,61150.0,1722556800000,714338
618,11400.965616023303,60946.3767,61410.0,60674.93,62260.0,59819.13,1722643200000,473600
619,12979.357049018508,59162.9744,60688.6,58130.95,61213.0,57123.0,1722729600000,543365
620,76954.21833159344,53020.4394,58103.1,54029.12,58344.0,49050.01,1722816000000,2131923
621,21200.509671329637,55962.3967,54037.9,56048.08,57207.0,53965.57,1722902400000,767877
622,17584.489229751955,56158.613,56048.07,55148.1,57833.0,54556.5,1722988800000,688524
623,25703.084427459315,58930.1864,55144.14,61705.58,62770.0,54737.32,1723075200000,746627
624,15441.16129496134,60622.9991,61704.05,60862.13,61809.0,59552.46,1723161600000,554071
625,4072.180394310697,60796.9749,60859.9,60935.02,61535.0,60255.61,1723248000000,285877
626,7229.82173128255,59910.8266,60951.8,58722.49,61916.0,58312.63,1723334400000,353069
627,14679.667887531443,59123.0231,58816.0,59358.78,60764.0,57653.31,1723420800000,608892
628,14090.427734036131,60113.6468,59359.5,60603.19,61635.0,58402.01,1723507200000,512345
629,16068.132437005446,60003.8133,60600.1,58690.62,61898.0,58453.56,1723593600000,513468
630,17870.155616311316,58254.0495,58693.7,57543.61,59909.0,56117.7,1723680000000,614306
631,13998.514233815686,58598.1231,57543.57,58888.99,59905.0,57096.56,1723766400000,479806
632,3375.598654760669,59302.6687,58895.6,59497.49,59800.0,58803.45,1723852800000,225594
633,5635.251630860595,59660.1994,59473.4,58466.5,60313.0,58422.0,1723939200000,258763
634,10140.854179935173,58675.2668,58466.5,59452.67,59700.0,57820.0,1724025600000,380930
635,14259.3192599301,60015.6116,59493.7,59017.59,61472.0,58571.96,1724112000000,509760
636,16511.424216527652,60311.97,59017.59,61163.28,61898.0,58793.89,1724198400000,456808
637,11537.926427695276,60674.45,61179.8,60383.29,61467.0,59750.0,1724284800000,426178
638,21733.658387375428,62505.0701,60391.1,64087.4,65074.0,60343.2,1724371200000,628447
639,6231.75926651095,64096.0641,64087.5,64179.63,64609.0,63564.22,1724457600000,306040
640,4954.719307530248,64282.0876,64176.1,64251.93,65200.0,63793.74,1724544000000,238206
641,12256.332805385944,63576.8642,64288.1,62966.0,64579.0,62806.8,1724630400000,372800
642,17668.880767997412,61143.1985,62851.1,59439.64,63307.0,58009.6,1724716800000,534411
643,12730.966862985191,59182.1953,59458.0,59045.88,60330.0,57851.62,1724803200000,542368
644,13390.994139785862,60005.8027,59025.6,59385.5,61290.0,58717.4,1724889600000,478625
645,12801.433110229189,58866.0364,59385.5,59112.77,60102.0,57700.0,1724976000000,491248
646,2737.2740956604825,59144.5901,59110.0,58968.37,59622.0,58736.9,1725062400000,245342
647,7421.114477814753,58117.7048,58968.37,57299.0,59236.0,57200.0,1725148800000,358182
648,6932.6479858029015,58278.8385,57318.5,59139.83,59588.0,57119.01,1725235200000,291108
649,10681.679466690335,58209.4995,59305.0,57468.84,59976.0,57394.49,1725321600000,325061
650,18103.70367437131,57156.1194,57482.4,57971.0,58632.0,55555.0,1725408000000,500872
651,16459.691040708483,56658.0437,57970.1,56156.82,58451.0,55601.5,1725494400000,441328
652,24644.355583965902,54653.1227,56163.9,53950.01,57123.0,52530.0,1725580800000,664279
653,5599.344510441847,54293.2412,53948.3,54156.33,55084.0,53733.1,1725667200000,287982
654,5724.479945091327,54439.3713,54146.5,54881.11,55448.0,53623.95,1725753600000,274505
655,13946.304867186069,56050.795,54856.9,57053.9,58180.0,54565.56,1725840000000,450409
656,7933.797438274136,57172.4231,57062.7,57645.59,58136.0,56377.76,1725926400000,380266
657,14972.725579153224,56837.3009,57630.0,57352.79,58104.0,55534.41,1726012800000,510221
658,2188.9460236599507,58108.6112,57350.7,58287.0,58652.0,57339.0,1726099200000,45013
659,4137.086139771104,59062.8841,58133.4,60581.0,60730.0,57658.3,1726185600000,55866
660,1340.1307840898917,60094.7191,60581.1,60000.1,60713.0,59478.3,1726272000000,29119
661,1742.5502641299147,59767.8577,60000.2,59135.1,60525.0,58679.1,1726358400000,33915
662,2013.731861909849,58291.6793,59135.1,58342.0,59336.0,57488.7,1726444800000,44098
663,15177.336311951896,60032.5554,58209.76,60317.2,61373.41,57619.9,1726531200000,445136
664,14828.24056214259,60321.589,60317.1,61853.0,61875.0,59164.6,1726617600000,474230
665,18538.10556177919,62832.5107,61853.0,62960.14,63950.0,61569.16,1726704000000,579391
666,13348.426928740102,63205.1592,62922.2,63210.69,64200.0,62340.0,1726790400000,494549
667,3930.2605826512345,63131.6906,63210.3,63362.74,63614.0,62755.0,1726876800000,218878
668,5689.961209742116,63059.5485,63376.1,63577.66,64093.0,62380.55,1726963200000,248565
669,10142.376606534242,63596.8469,63615.2,63338.87,64842.0,62566.28,1727049600000,372795
670,11178.598893869284,63631.2534,63338.85,64272.93,64775.0,62689.15,1727136000000,457297
671,7774.562229972608,63690.8662,64272.93,63130.89,64888.0,62917.4,1727222400000,359778
672,16007.952402671694,64755.9523,63139.2,65177.21,65888.0,62652.99,1727308800000,496597
673,11747.786235480728,65778.4561,65179.3,65789.0,66587.0,64827.85,1727395200000,392339
674,3289.4598000003825,65773.3913,65788.8,65858.99,66410.0,65400.0,1727481600000,193506
675,3350.2092215804673,65740.3601,65862.7,65600.01,66193.0,65433.29,1727568000000,168231
676,13459.538343779934,63973.0907,65600.01,63301.25,65759.0,62833.95,1727654400000,412696
677,19449.702597201,62260.412,63305.52,60790.0,64217.0,60150.89,1727740800000,552553
678,11132.966936820512,61100.3948,60819.1,60631.37,62480.0,59969.2,1727827200000,443180
679,9986.416405131686,60619.3339,60643.9,60744.99,61600.0,59824.87,1727913600000,466839
680,9925.186048371037,61657.8825,60739.7,62090.71,62575.0,60451.6,1728000000000,411097
681,2565.1495883702632,62044.2793,62081.0,62051.29,62437.0,61686.34,1728086400000,244416
682,2866.6550394504666,62449.0285,62051.58,62810.86,63033.0,61805.85,1728172800000,215377
683,13062.161552063155,63428.9312,62809.4,62202.02,64514.0,62113.28,1728259200000,405318
684,8436.892346120167,62394.6086,62203.82,62122.02,63248.0,61824.48,1728345600000,358191
685,9442.73723277974,61460.8012,62120.6,60578.28,62587.0,60255.0,1728432000000,374085
686,12779.14307784773,60086.0608,60558.0,60279.53,61364.0,58863.9,1728518400000,452835
687,13819.150361003301,62042.8639,60275.9,62518.75,63455.0,60029.98,1728604800000,473970
688,4907.547548191803,63029.4183,62502.5,63187.46,63590.0,62464.15,1728691200000,268063
689,3655.9236716305513,62665.7685,63184.9,62845.3,63406.0,62029.9,1728777600000,207220
690,16820.133341747965,65211.6922,62834.9,66065.65,66555.0,62426.67,1728864000000,548137
691,21695.15322099572,66374.4976,66065.64,67056.6,67944.76,64686.1,1728950400000,597258
692,15605.5610760083,67633.9658,67056.0,67608.44,68399.0,66743.0,1729036800000,510993
693,9872.01222976347,67181.6405,67654.0,67402.33,67962.0,66629.97,1729123200000,421502
694,14198.50045931749,68343.4305,67399.86,68426.11,69000.62,67149.24,1729209600000,468506
695,2451.2068643895236,68296.3393,68440.2,68363.73,68689.29,68005.83,1729296000000,189264
696,3637.4799384711355,68677.9839,68375.0,69014.86,69402.0,68083.18,1729382400000,233494
697,13050.65699498158,67843.2378,69010.5,67346.15,69586.0,66802.0,1729468800000,460991
698,10325.276966412528,67258.8486,67385.1,67387.6,67824.0,66535.0,1729555200000,371252
699,11070.982528251207,66257.3382,67384.2,66601.11,67436.0,65149.51,1729641600000,417445
700,12174.307437480269,67674.9193,66630.5,68156.84,68846.0,66445.32,1729728000000,427692
701,16936.899741887195,67377.5832,68170.1,66564.51,68750.0,65500.01,1729814400000,572475
702,3632.082239570938,66893.0388,66564.51,67012.56,67446.0,66331.95,1729900800000,229445
703,3708.1442675101575,67625.4205,67026.1,67943.19,68328.0,66836.78,1729987200000,206208
704,19515.936766384508,68995.7701,67943.18,69924.5,70287.0,67532.48,1730073600000,538237
705,26341.84130782161,72010.2419,69912.0,72724.35,73624.98,69705.76,1730160000000,742005
706,15702.655274571865,72144.5664,72661.0,72322.91,73060.0,71400.0,1730246400000,464410
707,16980.776843818523,70940.2474,72331.1,70197.83,72684.02,69559.33,1730332800000,499902
708,18602.71152612601,69947.0629,70250.1,69467.29,71653.0,68720.0,1730419200000,545706
709,3362.6315947103817,69447.8359,69490.1,69358.94,69939.0,69000.0,1730505600000,219120
710,9845.963366352571,68382.4116,69300.9,68738.18,69409.0,67444.0,1730592000000,330363
711,14583.963899543074,68081.6769,68806.0,67807.48,69505.0,66783.77,1730678400000,383054
712,15645.054192283453,69400.8043,67787.8,69380.73,70599.0,67427.53,1730764800000,518147
713,59140.93109737507,74142.1758,69382.7,75646.55,76509.56,69285.82,1730851200000,1211092
714,26510.93498195858,75847.6565,75642.1,75920.0,76999.0,74397.0,1730937600000,630169
715,21483.692621149345,76434.254,75925.0,76566.73,77312.18,75608.0,1731024000000,558993
716,6165.445765991336,76434.5392,76550.5,76728.3,76952.67,75746.0,1731110400000,369885
717,25779.024400859213,79423.4718,76728.3,80428.92,81534.28,76531.0,1731196800000,890927
718,46215.760850806946,84746.4743,80423.3,88770.73,89666.0,80244.0,1731283200000,1228140
719,9704.349455921913,87872.1744,88737.5,87932.0,89933.0,85128.0,1731369600000,141426
720,52609.46607328698,90123.8761,88087.3,90493.82,93495.0,86137.0,1731456000000,1373358
721,31126.086838869058,89329.299,90499.4,87340.4,91831.25,86621.9,1731542400000,979228
722,25460.20292755928,89531.3291,87314.4,91058.36,91934.62,87100.83,1731628800000,918630
723,8809.674540161253,91051.7586,91062.0,90555.1,91820.73,90069.21,1731715200000,542389
724,2992.92609579,89430.2732,90076.0,89866.85,90226.0,88709.0,1731801600000,115974
725,6750.74114878,91421.4261,90635.12,90532.0,92095.34,90294.86,1731888000000,155141
726,5533.76013195,92505.1649,93343.26,92341.07,93697.59,91348.0,1731974400000,200637
727,4841.64447398,94262.2808,94140.11,94359.04,94744.99,93788.2,1732060800000,136217
728,38976.452135016334,97352.2527,94356.8,98439.09,99073.53,93986.0,1732147200000,1270570
729,35602.45525345296,98885.3766,98496.0,99024.03,99860.0,97010.0,1732233600000,1079662
