,TPM_value,TPM_var,TDES_value,TDES_var,IPC_value,IPC_var,PIB_value,PIB_var,BC_value,BC_var
2022-12-01,3.83,0.0,3.5,-0.095,298812.0,0.002,27133601.29347826,0.016,-70762.0,0.388
2022-12-02,3.83,0.0,3.496774193548387,-0.092,298861.8064516129,0.017,27137821.413043477,0.016,-70736.12903225806,-0.037
2022-12-03,3.83,0.0,3.4935483870967743,-0.092,298911.6129032258,0.017,27142041.532608695,0.016,-70710.25806451614,-0.037
2022-12-04,3.83,0.0,3.490322580645161,-0.092,298961.4193548387,0.017,27146261.652173914,0.016,-70684.3870967742,-0.037
2022-12-05,3.83,0.0,3.4870967741935486,-0.092,299011.22580645164,0.017,27150481.77173913,0.016,-70658.51612903226,-0.037
2022-12-06,3.83,0.0,3.4838709677419355,-0.093,299061.03225806454,0.017,27154701.891304348,0.016,-70632.64516129032,-0.037
2022-12-07,3.83,0.0,3.4806451612903224,-0.093,299110.8387096774,0.017,27158922.010869566,0.016,-70606.7741935484,-0.037
2022-12-08,3.83,0.0,3.47741935483871,-0.093,299160.6451612903,0.017,27163142.13043478,0.016,-70580.90322580645,-0.037
2022-12-09,3.83,0.0,3.4741935483870967,-0.093,299210.4516129032,0.017,27167362.25,0.016,-70555.03225806452,-0.037
2022-12-10,3.83,0.0,3.4709677419354836,-0.093,299260.2580645161,0.017,27171582.36956522,0.016,-70529.16129032258,-0.037
2022-12-11,3.83,0.0,3.467741935483871,-0.093,299310.06451612903,0.017,27175802.489130434,0.016,-70503.29032258065,-0.037
2022-12-12,3.83,0.0,3.464516129032258,-0.093,299359.87096774194,0.017,27180022.608695652,0.016,-70477.41935483871,-0.037
2022-12-13,3.83,0.0,3.4612903225806453,-0.093,299409.67741935485,0.017,27184242.72826087,0.016,-70451.54838709677,-0.037
2022-12-14,3.83,0.0,3.458064516129032,-0.093,299459.48387096776,0.017,27188462.847826086,0.016,-70425.67741935483,-0.037
2022-12-15,4.33,13.055,3.454838709677419,-0.093,299509.29032258067,0.017,27192682.967391305,0.016,-70399.80645161291,-0.037
2022-12-16,4.33,0.0,3.4516129032258065,-0.093,299559.0967741936,0.017,27196903.086956523,0.016,-70373.93548387097,-0.037
2022-12-17,4.33,0.0,3.4483870967741934,-0.093,299608.9032258064,0.017,27201123.20652174,0.016,-70348.06451612903,-0.037
2022-12-18,4.33,0.0,3.445161290322581,-0.094,299658.70967741933,0.017,27205343.326086957,0.016,-70322.19354838709,-0.037
2022-12-19,4.33,0.0,3.4419354838709677,-0.094,299708.51612903224,0.017,27209563.445652176,0.016,-70296.32258064517,-0.037
2022-12-20,4.33,0.0,3.4387096774193546,-0.094,299758.32258064515,0.017,27213783.56521739,0.016,-70270.45161290323,-0.037
2022-12-21,4.33,0.0,3.435483870967742,-0.094,299808.12903225806,0.017,27218003.68478261,0.016,-70244.58064516129,-0.037
2022-12-22,4.33,0.0,3.432258064516129,-0.094,299857.93548387097,0.017,27222223.804347824,0.016,-70218.70967741935,-0.037
2022-12-23,4.33,0.0,3.429032258064516,-0.094,299907.7419354839,0.017,27226443.923913043,0.016,-70192.83870967742,-0.037
2022-12-24,4.33,0.0,3.425806451612903,-0.094,299957.5483870968,0.017,27230664.04347826,0.016,-70166.96774193548,-0.037
2022-12-25,4.33,0.0,3.42258064516129,-0.094,300007.3548387097,0.017,27234884.163043477,0.015,-70141.09677419355,-0.037
2022-12-26,4.33,0.0,3.4193548387096775,-0.094,300057.1612903226,0.017,27239104.282608695,0.015,-70115.2258064516,-0.037
2022-12-27,4.33,0.0,3.4161290322580644,-0.094,300106.96774193546,0.017,27243324.402173914,0.015,-70089.35483870968,-0.037
2022-12-28,4.33,0.0,3.4129032258064513,-0.094,300156.77419354836,0.017,27247544.52173913,0.015,-70063.48387096774,-0.037
2022-12-29,4.33,0.0,3.4096774193548387,-0.095,300206.5806451613,0.017,27251764.641304348,0.015,-70037.6129032258,-0.037
2022-12-30,4.33,0.0,3.4064516129032256,-0.095,300256.3870967742,0.017,27255984.760869566,0.015,-70011.74193548386,-0.037
2022-12-31,4.33,0.0,3.403225806451613,-0.095,300306.1935483871,0.017,27260204.88043478,0.015,-69985.87096774194,-0.037
2023-01-01,4.33,0.0,3.4,-0.095,300356.0,0.017,27264425.0,0.015,-69960.0,-0.037
2023-01-02,4.33,0.0,3.4064516129032256,0.19,300393.1935483871,0.012,27267693.02222222,0.012,-69978.09677419355,0.026
2023-01-03,4.33,0.0,3.4129032258064513,0.189,300430.3870967742,0.012,27270961.044444446,0.012,-69996.19354838709,0.026
2023-01-04,4.33,0.0,3.4193548387096775,0.189,300467.5806451613,0.012,27274229.066666666,0.012,-70014.29032258065,0.026
2023-01-05,4.33,0.0,3.425806451612903,0.189,300504.77419354836,0.012,27277497.088888887,0.012,-70032.3870967742,0.026
2023-01-06,4.33,0.0,3.432258064516129,0.188,300541.96774193546,0.012,27280765.111111112,0.012,-70050.48387096774,0.026
2023-01-07,4.33,0.0,3.4387096774193546,0.188,300579.1612903226,0.012,27284033.133333333,0.012,-70068.58064516129,0.026
2023-01-08,4.33,0.0,3.445161290322581,0.188,300616.3548387097,0.012,27287301.155555554,0.012,-70086.67741935483,0.026
2023-01-09,4.33,0.0,3.4516129032258065,0.187,300653.5483870968,0.012,27290569.17777778,0.012,-70104.7741935484,0.026
2023-01-10,4.33,0.0,3.458064516129032,0.187,300690.7419354839,0.012,27293837.2,0.012,-70122.87096774194,0.026
2023-01-11,4.33,0.0,3.464516129032258,0.187,300727.93548387097,0.012,27297105.222222224,0.012,-70140.96774193548,0.026
2023-01-12,4.33,0.0,3.4709677419354836,0.186,300765.12903225806,0.012,27300373.244444445,0.012,-70159.06451612903,0.026
2023-01-13,4.33,0.0,3.47741935483871,0.186,300802.32258064515,0.012,27303641.266666666,0.012,-70177.16129032258,0.026
2023-01-14,4.33,0.0,3.4838709677419355,0.186,300839.51612903224,0.012,27306909.28888889,0.012,-70195.25806451614,0.026
2023-01-15,4.33,0.0,3.490322580645161,0.185,300876.70967741933,0.012,27310177.31111111,0.012,-70213.35483870968,0.026
2023-01-16,4.33,0.0,3.496774193548387,0.185,300913.9032258064,0.012,27313445.333333332,0.012,-70231.45161290323,0.026
2023-01-17,4.33,0.0,3.503225806451613,0.185,300951.0967741936,0.012,27316713.355555557,0.012,-70249.54838709677,0.026
2023-01-18,4.33,0.0,3.509677419354839,0.184,300988.29032258067,0.012,27319981.377777778,0.012,-70267.64516129032,0.026
2023-01-19,4.33,0.0,3.5161290322580645,0.184,301025.48387096776,0.012,27323249.4,0.012,-70285.74193548386,0.026
2023-01-20,4.33,0.0,3.52258064516129,0.183,301062.67741935485,0.012,27326517.422222223,0.012,-70303.83870967742,0.026
2023-01-21,4.33,0.0,3.5290322580645164,0.183,301099.87096774194,0.012,27329785.444444444,0.012,-70321.93548387097,0.026
2023-01-22,4.33,0.0,3.535483870967742,0.183,301137.06451612903,0.012,27333053.466666665,0.012,-70340.03225806452,0.026
2023-01-23,4.33,0.0,3.541935483870968,0.182,301174.2580645161,0.012,27336321.48888889,0.012,-70358.12903225806,0.026
2023-01-24,4.33,0.0,3.5483870967741935,0.182,301211.4516129032,0.012,27339589.51111111,0.012,-70376.2258064516,0.026
2023-01-25,4.33,0.0,3.554838709677419,0.182,301248.6451612903,0.012,27342857.533333335,0.012,-70394.32258064517,0.026
2023-01-26,4.33,0.0,3.5612903225806454,0.181,301285.8387096774,0.012,27346125.555555556,0.012,-70412.41935483871,0.026
2023-01-27,4.33,0.0,3.567741935483871,0.181,301323.03225806454,0.012,27349393.577777777,0.012,-70430.51612903226,0.026
2023-01-28,4.33,0.0,3.574193548387097,0.181,301360.22580645164,0.012,27352661.6,0.012,-70448.6129032258,0.026
2023-01-29,4.33,0.0,3.5806451612903225,0.181,301397.4193548387,0.012,27355929.622222222,0.012,-70466.70967741935,0.026
2023-01-30,4.33,0.0,3.5870967741935487,0.18,301434.6129032258,0.012,27359197.644444443,0.012,-70484.80645161291,0.026
2023-01-31,4.33,0.0,3.5935483870967744,0.18,301471.8064516129,0.012,27362465.666666668,0.012,-70502.90322580645,0.026
2023-02-01,4.33,0.0,3.6,0.18,301509.0,0.012,27365733.68888889,0.012,-70521.0,0.026
2023-02-02,4.58,5.774,3.5964285714285715,-0.099,301517.39285714284,0.003,27369001.71111111,0.012,-70156.71428571429,-0.517
2023-02-03,4.58,0.0,3.592857142857143,-0.099,301525.78571428574,0.003,27372269.733333334,0.012,-69792.42857142857,-0.519
2023-02-04,4.58,0.0,3.5892857142857144,-0.099,301534.1785714286,0.003,27375537.755555555,0.012,-69428.14285714286,-0.522
2023-02-05,4.58,0.0,3.585714285714286,-0.1,301542.5714285714,0.003,27378805.777777776,0.012,-69063.85714285714,-0.525
2023-02-06,4.58,0.0,3.5821428571428573,-0.1,301550.96428571426,0.003,27382073.8,0.012,-68699.57142857143,-0.527
2023-02-07,4.58,0.0,3.5785714285714287,-0.1,301559.35714285716,0.003,27385341.82222222,0.012,-68335.28571428571,-0.53
2023-02-08,4.58,0.0,3.575,-0.1,301567.75,0.003,27388609.844444446,0.012,-67971.0,-0.5329999999999999
2023-02-09,4.57,-0.218,3.5714285714285716,-0.1,301576.14285714284,0.003,27391877.866666667,0.012,-67606.71428571429,-0.536
2023-02-10,4.58,0.219,3.567857142857143,-0.1,301584.53571428574,0.003,27395145.888888888,0.012,-67242.42857142857,-0.539
2023-02-11,4.58,0.0,3.5642857142857145,-0.1,301592.9285714286,0.003,27398413.911111113,0.012,-66878.14285714286,-0.542
2023-02-12,4.58,0.0,3.560714285714286,-0.1,301601.3214285714,0.003,27401681.933333334,0.012,-66513.85714285714,-0.545
2023-02-13,4.58,0.0,3.5571428571428574,-0.1,301609.71428571426,0.003,27404949.955555554,0.012,-66149.57142857143,-0.5479999999999999
2023-02-14,4.58,0.0,3.553571428571429,-0.1,301618.10714285716,0.003,27408217.97777778,0.012,-65785.28571428571,-0.551
2023-02-15,4.58,0.0,3.55,-0.101,301626.5,0.003,27411486.0,0.012,-65421.0,-0.5539999999999999
2023-02-16,4.58,0.0,3.5464285714285713,-0.101,301634.89285714284,0.003,27414754.02222222,0.012,-65056.71428571429,-0.557
2023-02-17,4.58,0.0,3.5428571428571427,-0.101,301643.28571428574,0.003,27418022.044444446,0.012,-64692.42857142857,-0.5599999999999999
2023-02-18,4.58,0.0,3.539285714285714,-0.101,301651.6785714286,0.003,27421290.066666666,0.012,-64328.142857142855,-0.563
2023-02-19,4.58,0.0,3.5357142857142856,-0.101,301660.0714285714,0.003,27424558.088888887,0.012,-63963.857142857145,-0.5660000000000001
2023-02-20,4.58,0.0,3.532142857142857,-0.101,301668.46428571426,0.003,27427826.111111112,0.012,-63599.57142857143,-0.5700000000000001
2023-02-21,4.58,0.0,3.5285714285714285,-0.101,301676.85714285716,0.003,27431094.133333333,0.012,-63235.28571428572,-0.573
2023-02-22,4.58,0.0,3.525,-0.101,301685.25,0.003,27434362.155555554,0.012,-62871.0,-0.5760000000000001
2023-02-23,4.58,0.0,3.5214285714285714,-0.101,301693.64285714284,0.003,27437630.17777778,0.012,-62506.71428571429,-0.579
2023-02-24,4.58,0.0,3.517857142857143,-0.101,301702.03571428574,0.003,27440898.2,0.012,-62142.42857142857,-0.583
2023-02-25,4.58,0.0,3.5142857142857142,-0.10200000000000001,301710.4285714286,0.003,27444166.222222224,0.012,-61778.142857142855,-0.586
2023-02-26,4.58,0.0,3.5107142857142857,-0.10200000000000001,301718.8214285714,0.003,27447434.244444445,0.012,-61413.857142857145,-0.59
2023-02-27,4.57,-0.218,3.507142857142857,-0.10200000000000001,301727.21428571426,0.003,27450702.266666666,0.012,-61049.57142857143,-0.5930000000000001
2023-02-28,4.57,0.0,3.5035714285714286,-0.10200000000000001,301735.60714285716,0.003,27453970.28888889,0.012,-60685.28571428571,-0.597
2023-03-01,4.58,0.219,3.5,-0.10200000000000001,301744.0,0.003,27457238.31111111,0.012,-60321.0,-0.6
2023-03-02,4.57,-0.218,3.496774193548387,-0.092,301785.5483870968,0.013999999999999999,27460506.333333332,0.012,-60722.12903225807,0.6649999999999999
2023-03-03,4.57,0.0,3.4935483870967743,-0.092,301827.0967741936,0.013999999999999999,27463774.355555557,0.012,-61123.25806451613,0.661
2023-03-04,4.57,0.0,3.490322580645161,-0.092,301868.6451612903,0.013999999999999999,27467042.377777778,0.012,-61524.3870967742,0.656
2023-03-05,4.57,0.0,3.4870967741935486,-0.092,301910.1935483871,0.013999999999999999,27470310.4,0.012,-61925.51612903226,0.652
2023-03-06,4.57,0.0,3.4838709677419355,-0.093,301951.7419354839,0.013999999999999999,27473578.422222223,0.012,-62326.645161290326,0.6479999999999999
2023-03-07,4.57,0.0,3.4806451612903224,-0.093,301993.29032258067,0.013999999999999999,27476846.444444444,0.012,-62727.77419354839,0.644
2023-03-08,4.57,0.0,3.47741935483871,-0.093,302034.8387096774,0.013999999999999999,27480114.466666665,0.012,-63128.903225806454,0.639
2023-03-09,4.57,0.0,3.4741935483870967,-0.093,302076.3870967742,0.013999999999999999,27483382.48888889,0.012,-63530.032258064515,0.635
2023-03-10,4.57,0.0,3.4709677419354836,-0.093,302117.93548387097,0.013999999999999999,27486650.51111111,0.012,-63931.16129032258,0.631
2023-03-11,4.57,0.0,3.467741935483871,-0.093,302159.48387096776,0.013999999999999999,27489918.533333335,0.012,-64332.290322580644,0.627
2023-03-12,4.57,0.0,3.464516129032258,-0.093,302201.03225806454,0.013999999999999999,27493186.555555556,0.012,-64733.41935483871,0.624
2023-03-13,4.58,0.219,3.4612903225806453,-0.093,302242.5806451613,0.013999999999999999,27496454.577777777,0.012,-65134.54838709677,0.62
2023-03-14,4.58,0.0,3.458064516129032,-0.093,302284.12903225806,0.013999999999999999,27499722.6,0.012,-65535.67741935484,0.616
2023-03-15,4.58,0.0,3.454838709677419,-0.093,302325.67741935485,0.013999999999999999,27502990.622222222,0.012,-65936.80645161291,0.612
2023-03-16,4.58,0.0,3.4516129032258065,-0.093,302367.22580645164,0.013999999999999999,27506258.644444443,0.012,-66337.93548387097,0.608
2023-03-17,4.58,0.0,3.4483870967741934,-0.093,302408.77419354836,0.013999999999999999,27509526.666666668,0.012,-66739.06451612903,0.605
2023-03-18,4.58,0.0,3.445161290322581,-0.094,302450.32258064515,0.013999999999999999,27512794.68888889,0.012,-67140.19354838709,0.601
2023-03-19,4.58,0.0,3.4419354838709677,-0.094,302491.87096774194,0.013999999999999999,27516062.71111111,0.012,-67541.32258064517,0.597
2023-03-20,4.58,0.0,3.4387096774193546,-0.094,302533.4193548387,0.013999999999999999,27519330.733333334,0.012,-67942.45161290323,0.594
2023-03-21,4.58,0.0,3.435483870967742,-0.094,302574.96774193546,0.013999999999999999,27522598.755555555,0.012,-68343.58064516129,0.59
2023-03-22,4.58,0.0,3.432258064516129,-0.094,302616.51612903224,0.013999999999999999,27525866.777777776,0.012,-68744.70967741935,0.587
2023-03-23,4.83,5.459,3.429032258064516,-0.094,302658.06451612903,0.013999999999999999,27529134.8,0.012,-69145.83870967742,0.584
2023-03-24,4.83,0.0,3.425806451612903,-0.094,302699.6129032258,0.013999999999999999,27532402.82222222,0.012,-69546.96774193548,0.58
2023-03-25,4.83,0.0,3.42258064516129,-0.094,302741.1612903226,0.013999999999999999,27535670.844444446,0.012,-69948.09677419355,0.577
2023-03-26,4.83,0.0,3.4193548387096775,-0.094,302782.70967741933,0.013999999999999999,27538938.866666667,0.012,-70349.2258064516,0.573
2023-03-27,4.83,0.0,3.4161290322580644,-0.094,302824.2580645161,0.013999999999999999,27542206.888888888,0.012,-70750.35483870968,0.5700000000000001
2023-03-28,4.83,0.0,3.4129032258064513,-0.094,302865.8064516129,0.013999999999999999,27545474.911111113,0.012,-71151.48387096774,0.567
2023-03-29,4.83,0.0,3.4096774193548387,-0.095,302907.3548387097,0.013999999999999999,27548742.933333334,0.012,-71552.6129032258,0.5640000000000001
2023-03-30,4.83,0.0,3.4064516129032256,-0.095,302948.9032258064,0.013999999999999999,27552010.955555554,0.012,-71953.74193548388,0.561
2023-03-31,4.83,0.0,3.403225806451613,-0.095,302990.4516129032,0.013999999999999999,27555278.97777778,0.012,-72354.87096774194,0.557
2023-04-01,4.83,0.0,3.4,-0.095,303032.0,0.013999999999999999,27558547.0,0.012,-72756.0,0.5539999999999999
2023-04-02,4.83,0.0,3.41,0.294,303043.1,0.004,27564147.54945055,0.02,-72533.0,-0.307
2023-04-03,4.83,0.0,3.42,0.293,303054.2,0.004,27569748.0989011,0.02,-72310.0,-0.307
2023-04-04,4.83,0.0,3.4299999999999997,0.292,303065.3,0.004,27575348.648351647,0.02,-72087.0,-0.308
2023-04-05,4.83,0.0,3.44,0.292,303076.4,0.004,27580949.197802197,0.02,-71864.0,-0.309
2023-04-06,4.83,0.0,3.45,0.291,303087.5,0.004,27586549.747252747,0.02,-71641.0,-0.31
2023-04-07,4.83,0.0,3.46,0.29,303098.6,0.004,27592150.296703298,0.02,-71418.0,-0.311
2023-04-08,4.83,0.0,3.4699999999999998,0.28900000000000003,303109.7,0.004,27597750.846153848,0.02,-71195.0,-0.312
2023-04-09,4.83,0.0,3.48,0.28800000000000003,303120.8,0.004,27603351.395604394,0.02,-70972.0,-0.313
2023-04-10,4.83,0.0,3.49,0.28700000000000003,303131.9,0.004,27608951.945054945,0.02,-70749.0,-0.314
2023-04-11,4.83,0.0,3.5,0.28700000000000003,303143.0,0.004,27614552.494505495,0.02,-70526.0,-0.315
2023-04-12,4.83,0.0,3.51,0.28600000000000003,303154.1,0.004,27620153.043956045,0.02,-70303.0,-0.316
2023-04-13,4.83,0.0,3.52,0.28500000000000003,303165.2,0.004,27625753.59340659,0.02,-70080.0,-0.317
2023-04-14,4.83,0.0,3.5300000000000002,0.28400000000000003,303176.3,0.004,27631354.14285714,0.02,-69857.0,-0.318
2023-04-15,4.83,0.0,3.54,0.28300000000000003,303187.4,0.004,27636954.692307692,0.02,-69634.0,-0.319
2023-04-16,4.83,0.0,3.55,0.28200000000000003,303198.5,0.004,27642555.241758242,0.02,-69411.0,-0.32
2023-04-17,4.83,0.0,3.56,0.28200000000000003,303209.6,0.004,27648155.791208792,0.02,-69188.0,-0.321
2023-04-18,4.83,0.0,3.5700000000000003,0.281,303220.7,0.004,27653756.34065934,0.02,-68965.0,-0.322
2023-04-19,4.83,0.0,3.58,0.27999999999999997,303231.8,0.004,27659356.89010989,0.02,-68742.0,-0.32299999999999995
2023-04-20,4.83,0.0,3.59,0.27899999999999997,303242.9,0.004,27664957.43956044,0.02,-68519.0,-0.32399999999999995
2023-04-21,4.83,0.0,3.6,0.27899999999999997,303254.0,0.004,27670557.98901099,0.02,-68296.0,-0.325
2023-04-22,4.83,0.0,3.6100000000000003,0.27799999999999997,303265.1,0.004,27676158.53846154,0.02,-68073.0,-0.327
2023-04-23,4.83,0.0,3.62,0.27699999999999997,303276.2,0.004,27681759.087912086,0.02,-67850.0,-0.328
2023-04-24,4.83,0.0,3.63,0.27599999999999997,303287.3,0.004,27687359.637362637,0.02,-67627.0,-0.329
2023-04-25,4.83,0.0,3.64,0.27499999999999997,303298.4,0.004,27692960.186813187,0.02,-67404.0,-0.33
2023-04-26,4.83,0.0,3.6500000000000004,0.27499999999999997,303309.5,0.004,27698560.736263737,0.02,-67181.0,-0.331
2023-04-27,4.83,0.0,3.66,0.27399999999999997,303320.6,0.004,27704161.285714287,0.02,-66958.0,-0.332
2023-04-28,4.83,0.0,3.67,0.27299999999999996,303331.7,0.004,27709761.835164834,0.02,-66735.0,-0.333
2023-04-29,4.83,0.0,3.68,0.272,303342.8,0.004,27715362.384615384,0.02,-66512.0,-0.334
2023-04-30,4.83,0.0,3.6900000000000004,0.272,303353.9,0.004,27720962.934065934,0.02,-66289.0,-0.335
2023-05-01,4.83,0.0,3.7,0.271,303365.0,0.004,27726563.483516484,0.02,-66066.0,-0.336
2023-05-02,4.83,0.0,3.696774193548387,-0.087,303385.5806451613,0.006999999999999999,27732164.032967035,0.02,-66025.35483870968,-0.062
2023-05-03,4.83,0.0,3.6935483870967745,-0.087,303406.1612903226,0.006999999999999999,27737764.58241758,0.02,-65984.70967741935,-0.062
2023-05-04,5.08,5.176,3.6903225806451614,-0.087,303426.7419354839,0.006999999999999999,27743365.13186813,0.02,-65944.06451612903,-0.062
2023-05-05,5.08,0.0,3.6870967741935488,-0.087,303447.32258064515,0.006999999999999999,27748965.68131868,0.02,-65903.41935483871,-0.062
2023-05-06,5.08,0.0,3.6838709677419357,-0.087,303467.9032258064,0.006999999999999999,27754566.230769232,0.02,-65862.7741935484,-0.062
2023-05-07,5.08,0.0,3.6806451612903226,-0.08800000000000001,303488.48387096776,0.006999999999999999,27760166.78021978,0.02,-65822.12903225806,-0.062
2023-05-08,5.08,0.0,3.67741935483871,-0.08800000000000001,303509.06451612903,0.006999999999999999,27765767.32967033,0.02,-65781.48387096774,-0.062
2023-05-09,5.08,0.0,3.674193548387097,-0.08800000000000001,303529.6451612903,0.006999999999999999,27771367.87912088,0.02,-65740.83870967742,-0.062
2023-05-10,5.08,0.0,3.670967741935484,-0.08800000000000001,303550.22580645164,0.006999999999999999,27776968.42857143,0.02,-65700.19354838709,-0.062
2023-05-11,5.08,0.0,3.667741935483871,-0.08800000000000001,303570.8064516129,0.006999999999999999,27782568.97802198,0.02,-65659.54838709677,-0.062
2023-05-12,5.08,0.0,3.664516129032258,-0.08800000000000001,303591.3870967742,0.006999999999999999,27788169.527472526,0.02,-65618.90322580645,-0.062
2023-05-13,5.08,0.0,3.6612903225806455,-0.08800000000000001,303611.96774193546,0.006999999999999999,27793770.076923076,0.02,-65578.25806451614,-0.062
2023-05-14,5.08,0.0,3.6580645161290324,-0.08800000000000001,303632.5483870968,0.006999999999999999,27799370.626373626,0.02,-65537.6129032258,-0.062
2023-05-15,5.08,0.0,3.6548387096774193,-0.08800000000000001,303653.12903225806,0.006999999999999999,27804971.175824177,0.02,-65496.967741935485,-0.062
2023-05-16,5.08,0.0,3.6516129032258067,-0.08800000000000001,303673.70967741933,0.006999999999999999,27810571.725274727,0.02,-65456.32258064516,-0.062
2023-05-17,5.08,0.0,3.6483870967741936,-0.08800000000000001,303694.29032258067,0.006999999999999999,27816172.274725273,0.02,-65415.67741935484,-0.062
2023-05-18,5.08,0.0,3.645161290322581,-0.08800000000000001,303714.87096774194,0.006999999999999999,27821772.824175823,0.02,-65375.032258064515,-0.062
2023-05-19,5.08,0.0,3.641935483870968,-0.08800000000000001,303735.4516129032,0.006999999999999999,27827373.373626374,0.02,-65334.3870967742,-0.062
2023-05-20,5.08,0.0,3.638709677419355,-0.089,303756.03225806454,0.006999999999999999,27832973.923076924,0.02,-65293.74193548387,-0.062
2023-05-21,5.08,0.0,3.635483870967742,-0.089,303776.6129032258,0.006999999999999999,27838574.472527474,0.02,-65253.096774193546,-0.062
2023-05-22,5.08,0.0,3.632258064516129,-0.089,303797.1935483871,0.006999999999999999,27844175.02197802,0.02,-65212.45161290323,-0.062
2023-05-23,5.08,0.0,3.629032258064516,-0.089,303817.77419354836,0.006999999999999999,27849775.57142857,0.02,-65171.8064516129,-0.062
2023-05-24,5.08,0.0,3.6258064516129034,-0.089,303838.3548387097,0.006999999999999999,27855376.12087912,0.02,-65131.16129032258,-0.062
2023-05-25,5.08,0.0,3.6225806451612903,-0.089,303858.93548387097,0.006999999999999999,27860976.67032967,0.02,-65090.51612903226,-0.062
2023-05-26,5.08,0.0,3.6193548387096777,-0.089,303879.51612903224,0.006999999999999999,27866577.21978022,0.02,-65049.87096774193,-0.062
2023-05-27,5.08,0.0,3.6161290322580646,-0.089,303900.0967741936,0.006999999999999999,27872177.769230768,0.02,-65009.22580645161,-0.062
2023-05-28,5.08,0.0,3.6129032258064515,-0.089,303920.67741935485,0.006999999999999999,27877778.31868132,0.02,-64968.58064516129,-0.063
2023-05-29,5.08,0.0,3.609677419354839,-0.089,303941.2580645161,0.006999999999999999,27883378.86813187,0.02,-64927.93548387097,-0.063
2023-05-30,5.08,0.0,3.606451612903226,-0.089,303961.8387096774,0.006999999999999999,27888979.41758242,0.02,-64887.290322580644,-0.063
2023-05-31,5.08,0.0,3.603225806451613,-0.089,303982.4193548387,0.006999999999999999,27894579.967032965,0.02,-64846.645161290326,-0.063
2023-06-01,5.08,0.0,3.6,-0.09,304003.0,0.006999999999999999,27900180.516483516,0.02,-64806.0,-0.063
2023-06-02,5.08,0.0,3.5966666666666667,-0.093,304023.8333333333,0.006999999999999999,27905781.065934066,0.02,-64799.36666666667,-0.01
2023-06-03,5.08,0.0,3.5933333333333333,-0.093,304044.6666666667,0.006999999999999999,27911381.615384616,0.02,-64792.73333333333,-0.01
2023-06-04,5.08,0.0,3.59,-0.093,304065.5,0.006999999999999999,27916982.164835166,0.02,-64786.1,-0.01
2023-06-05,5.08,0.0,3.586666666666667,-0.093,304086.3333333333,0.006999999999999999,27922582.714285713,0.02,-64779.46666666667,-0.01
2023-06-06,5.08,0.0,3.5833333333333335,-0.093,304107.1666666667,0.006999999999999999,27928183.263736263,0.02,-64772.833333333336,-0.01
2023-06-07,5.08,0.0,3.58,-0.093,304128.0,0.006999999999999999,27933783.813186813,0.02,-64766.2,-0.01
2023-06-08,5.08,0.0,3.5766666666666667,-0.093,304148.8333333333,0.006999999999999999,27939384.362637363,0.02,-64759.566666666666,-0.01
2023-06-09,5.08,0.0,3.5733333333333333,-0.093,304169.6666666667,0.006999999999999999,27944984.912087914,0.02,-64752.933333333334,-0.01
2023-06-10,5.08,0.0,3.5700000000000003,-0.093,304190.5,0.006999999999999999,27950585.46153846,0.02,-64746.3,-0.01
2023-06-11,5.08,0.0,3.566666666666667,-0.093,304211.3333333333,0.006999999999999999,27956186.01098901,0.02,-64739.666666666664,-0.01
2023-06-12,5.08,0.0,3.5633333333333335,-0.093,304232.1666666667,0.006999999999999999,27961786.56043956,0.02,-64733.03333333333,-0.01
2023-06-13,5.08,0.0,3.56,-0.094,304253.0,0.006999999999999999,27967387.10989011,0.02,-64726.4,-0.01
2023-06-14,5.08,0.0,3.5566666666666666,-0.094,304273.8333333333,0.006999999999999999,27972987.65934066,0.02,-64719.76666666667,-0.01
2023-06-15,5.07,-0.197,3.5533333333333332,-0.094,304294.6666666667,0.006999999999999999,27978588.208791208,0.02,-64713.13333333333,-0.01
2023-06-16,5.08,0.197,3.55,-0.094,304315.5,0.006999999999999999,27984188.758241758,0.02,-64706.5,-0.01
2023-06-17,5.08,0.0,3.546666666666667,-0.094,304336.3333333333,0.006999999999999999,27989789.307692308,0.02,-64699.86666666667,-0.01
2023-06-18,5.08,0.0,3.5433333333333334,-0.094,304357.1666666667,0.006999999999999999,27995389.85714286,0.02,-64693.23333333333,-0.01
2023-06-19,5.08,0.0,3.54,-0.094,304378.0,0.006999999999999999,28000990.40659341,0.02,-64686.6,-0.01
2023-06-20,5.07,-0.197,3.5366666666666666,-0.094,304398.8333333333,0.006999999999999999,28006590.956043955,0.02,-64679.96666666667,-0.01
2023-06-21,5.07,0.0,3.533333333333333,-0.094,304419.6666666667,0.006999999999999999,28012191.505494505,0.02,-64673.333333333336,-0.01
2023-06-22,5.07,0.0,3.5300000000000002,-0.094,304440.5,0.006999999999999999,28017792.054945055,0.02,-64666.7,-0.01
2023-06-23,5.07,0.0,3.526666666666667,-0.094,304461.3333333333,0.006999999999999999,28023392.604395606,0.02,-64660.066666666666,-0.01
2023-06-24,5.07,0.0,3.5233333333333334,-0.095,304482.1666666667,0.006999999999999999,28028993.153846152,0.02,-64653.433333333334,-0.01
2023-06-25,5.07,0.0,3.52,-0.095,304503.0,0.006999999999999999,28034593.703296702,0.02,-64646.8,-0.01
2023-06-26,5.07,0.0,3.5166666666666666,-0.095,304523.8333333333,0.006999999999999999,28040194.252747253,0.02,-64640.166666666664,-0.01
2023-06-27,5.07,0.0,3.513333333333333,-0.095,304544.6666666667,0.006999999999999999,28045794.802197803,0.02,-64633.53333333333,-0.01
2023-06-28,5.07,0.0,3.51,-0.095,304565.5,0.006999999999999999,28051395.351648353,0.02,-64626.9,-0.01
2023-06-29,5.07,0.0,3.506666666666667,-0.095,304586.3333333333,0.006999999999999999,28056995.9010989,0.02,-64620.26666666667,-0.01
2023-06-30,5.08,0.197,3.5033333333333334,-0.095,304607.1666666667,0.006999999999999999,28062596.45054945,0.02,-64613.63333333333,-0.01
2023-07-01,5.08,0.0,3.5,-0.095,304628.0,0.006999999999999999,28068197.0,0.02,-64607.0,-0.01
2023-07-02,5.08,0.0,3.509677419354839,0.27599999999999997,304678.29032258067,0.017,28071714.95652174,0.013,-64446.48387096774,-0.248
2023-07-03,5.08,0.0,3.5193548387096776,0.27599999999999997,304728.5806451613,0.017,28075232.913043477,0.013,-64285.967741935485,-0.249
2023-07-04,5.08,0.0,3.529032258064516,0.27499999999999997,304778.87096774194,0.017,28078750.86956522,0.013,-64125.45161290323,-0.25
2023-07-05,5.08,0.0,3.5387096774193547,0.27399999999999997,304829.1612903226,0.017,28082268.826086957,0.013,-63964.93548387097,-0.25
2023-07-06,5.08,0.0,3.5483870967741935,0.27299999999999996,304879.4516129032,0.016,28085786.782608695,0.013,-63804.41935483871,-0.251
2023-07-07,5.08,0.0,3.5580645161290323,0.27299999999999996,304929.7419354839,0.016,28089304.739130434,0.013,-63643.903225806454,-0.252
2023-07-08,5.08,0.0,3.567741935483871,0.272,304980.03225806454,0.016,28092822.695652176,0.013,-63483.3870967742,-0.252
2023-07-09,5.08,0.0,3.5774193548387094,0.271,305030.32258064515,0.016,28096340.652173914,0.013,-63322.87096774193,-0.253
2023-07-10,5.07,-0.197,3.587096774193548,0.271,305080.6129032258,0.016,28099858.608695652,0.013,-63162.354838709674,-0.253
2023-07-11,5.08,0.197,3.596774193548387,0.27,305130.9032258064,0.016,28103376.56521739,0.013,-63001.83870967742,-0.254
2023-07-12,5.08,0.0,3.606451612903226,0.269,305181.1935483871,0.016,28106894.52173913,0.013,-62841.32258064516,-0.255
2023-07-13,5.08,0.0,3.6161290322580646,0.268,305231.48387096776,0.016,28110412.47826087,0.013,-62680.8064516129,-0.255
2023-07-14,5.08,0.0,3.625806451612903,0.268,305281.77419354836,0.016,28113930.43478261,0.013,-62520.290322580644,-0.256
2023-07-15,5.08,0.0,3.6354838709677417,0.267,305332.06451612903,0.016,28117448.391304348,0.013,-62359.77419354839,-0.257
2023-07-16,5.08,0.0,3.6451612903225805,0.266,305382.3548387097,0.016,28120966.347826086,0.013,-62199.25806451613,-0.257
2023-07-17,5.08,0.0,3.6548387096774193,0.265,305432.6451612903,0.016,28124484.304347824,0.013,-62038.74193548387,-0.258
2023-07-18,5.08,0.0,3.664516129032258,0.265,305482.93548387097,0.016,28128002.260869566,0.013,-61878.22580645161,-0.259
2023-07-19,5.08,0.0,3.6741935483870964,0.264,305533.22580645164,0.016,28131520.217391305,0.013,-61717.709677419356,-0.259
2023-07-20,5.08,0.0,3.6838709677419352,0.263,305583.51612903224,0.016,28135038.173913043,0.013,-61557.1935483871,-0.26
2023-07-21,5.08,0.0,3.693548387096774,0.263,305633.8064516129,0.016,28138556.13043478,0.013,-61396.67741935484,-0.261
2023-07-22,5.08,0.0,3.703225806451613,0.262,305684.0967741936,0.016,28142074.086956523,0.013,-61236.16129032258,-0.261
2023-07-23,5.08,0.0,3.7129032258064516,0.261,305734.3870967742,0.016,28145592.04347826,0.013,-61075.645161290326,-0.262
2023-07-24,5.08,0.0,3.7225806451612904,0.261,305784.67741935485,0.016,28149110.0,0.012,-60915.12903225806,-0.263
2023-07-25,5.08,0.0,3.7322580645161287,0.26,305834.96774193546,0.016,28152627.95652174,0.012,-60754.6129032258,-0.264
2023-07-26,5.08,0.0,3.7419354838709675,0.259,305885.2580645161,0.016,28156145.913043477,0.012,-60594.096774193546,-0.264
2023-07-27,5.33,4.920999999999999,3.7516129032258063,0.259,305935.5483870968,0.016,28159663.86956522,0.012,-60433.58064516129,-0.265
2023-07-28,5.33,0.0,3.761290322580645,0.258,305985.8387096774,0.016,28163181.826086957,0.012,-60273.06451612903,-0.266
2023-07-29,5.33,0.0,3.7709677419354835,0.257,306036.12903225806,0.016,28166699.782608695,0.012,-60112.54838709677,-0.266
2023-07-30,5.33,0.0,3.7806451612903222,0.257,306086.4193548387,0.016,28170217.739130434,0.012,-59952.032258064515,-0.267
2023-07-31,5.33,0.0,3.790322580645161,0.256,306136.70967741933,0.016,28173735.695652176,0.012,-59791.51612903226,-0.268
2023-08-01,5.33,0.0,3.8,0.255,306187.0,0.016,28177253.652173914,0.012,-59631.0,-0.268
2023-08-02,5.33,0.0,3.8,0.0,306222.51612903224,0.012,28180771.608695652,0.012,-59714.58064516129,0.13999999999999999
2023-08-03,5.33,0.0,3.8,0.0,306258.03225806454,0.012,28184289.56521739,0.012,-59798.16129032258,0.13999999999999999
2023-08-04,5.33,0.0,3.8,0.0,306293.5483870968,0.012,28187807.52173913,0.012,-59881.74193548387,0.13999999999999999
2023-08-05,5.33,0.0,3.8,0.0,306329.06451612903,0.012,28191325.47826087,0.012,-59965.32258064516,0.13999999999999999
2023-08-06,5.33,0.0,3.8,0.0,306364.5806451613,0.012,28194843.43478261,0.012,-60048.903225806454,0.13899999999999998
2023-08-07,5.33,0.0,3.8,0.0,306400.0967741936,0.012,28198361.391304348,0.012,-60132.48387096774,0.13899999999999998
2023-08-08,5.33,0.0,3.8,0.0,306435.6129032258,0.012,28201879.347826086,0.012,-60216.06451612903,0.13899999999999998
2023-08-09,5.33,0.0,3.8,0.0,306471.12903225806,0.012,28205397.304347824,0.012,-60299.645161290326,0.13899999999999998
2023-08-10,5.33,0.0,3.8,0.0,306506.6451612903,0.012,28208915.260869566,0.012,-60383.22580645161,0.13899999999999998
2023-08-11,5.33,0.0,3.8,0.0,306542.1612903226,0.012,28212433.217391305,0.012,-60466.8064516129,0.13799999999999998
2023-08-12,5.33,0.0,3.8,0.0,306577.67741935485,0.012,28215951.173913043,0.012,-60550.3870967742,0.13799999999999998
2023-08-13,5.33,0.0,3.8,0.0,306613.1935483871,0.012,28219469.13043478,0.012,-60633.967741935485,0.13799999999999998
2023-08-14,5.33,0.0,3.8,0.0,306648.70967741933,0.012,28222987.086956523,0.012,-60717.54838709677,0.13799999999999998
2023-08-15,5.33,0.0,3.8,0.0,306684.22580645164,0.012,28226505.04347826,0.012,-60801.12903225806,0.13799999999999998
2023-08-16,5.33,0.0,3.8,0.0,306719.7419354839,0.012,28230023.0,0.012,-60884.709677419356,0.13699999999999998
2023-08-17,5.33,0.0,3.8,0.0,306755.2580645161,0.012,28233540.95652174,0.012,-60968.290322580644,0.13699999999999998
2023-08-18,5.33,0.0,3.8,0.0,306790.77419354836,0.012,28237058.913043477,0.012,-61051.87096774193,0.13699999999999998
2023-08-19,5.33,0.0,3.8,0.0,306826.29032258067,0.012,28240576.86956522,0.012,-61135.45161290323,0.13699999999999998
2023-08-20,5.33,0.0,3.8,0.0,306861.8064516129,0.012,28244094.826086957,0.012,-61219.032258064515,0.13699999999999998
2023-08-21,5.33,0.0,3.8,0.0,306897.32258064515,0.012,28247612.782608695,0.012,-61302.6129032258,0.13699999999999998
2023-08-22,5.33,0.0,3.8,0.0,306932.8387096774,0.012,28251130.739130434,0.012,-61386.1935483871,0.136
2023-08-23,5.33,0.0,3.8,0.0,306968.3548387097,0.012,28254648.695652176,0.012,-61469.77419354839,0.136
2023-08-24,5.33,0.0,3.8,0.0,307003.87096774194,0.012,28258166.652173914,0.012,-61553.354838709674,0.136
2023-08-25,5.33,0.0,3.8,0.0,307039.3870967742,0.012,28261684.608695652,0.012,-61636.93548387097,0.136
2023-08-26,5.33,0.0,3.8,0.0,307074.9032258064,0.012,28265202.56521739,0.012,-61720.51612903226,0.136
2023-08-27,5.33,0.0,3.8,0.0,307110.4193548387,0.012,28268720.52173913,0.012,-61804.096774193546,0.135
2023-08-28,5.33,0.0,3.8,0.0,307145.93548387097,0.012,28272238.47826087,0.012,-61887.67741935484,0.135
2023-08-29,5.33,0.0,3.8,0.0,307181.4516129032,0.012,28275756.43478261,0.012,-61971.25806451613,0.135
2023-08-30,5.33,0.0,3.8,0.0,307216.96774193546,0.012,28279274.391304348,0.012,-62054.83870967742,0.135
2023-08-31,5.33,0.0,3.8,0.0,307252.48387096776,0.012,28282792.347826086,0.012,-62138.41935483871,0.135
2023-09-01,5.33,0.0,3.8,0.0,307288.0,0.012,28286310.304347824,0.012,-62222.0,0.135
2023-09-02,5.33,0.0,3.8,0.0,307296.1,0.003,28289828.260869566,0.012,-62292.36666666667,0.11299999999999999
2023-09-03,5.33,0.0,3.8,0.0,307304.2,0.003,28293346.217391305,0.012,-62362.73333333333,0.11299999999999999
2023-09-04,5.33,0.0,3.8,0.0,307312.3,0.003,28296864.173913043,0.012,-62433.1,0.11299999999999999
2023-09-05,5.33,0.0,3.8,0.0,307320.4,0.003,28300382.13043478,0.012,-62503.46666666667,0.11299999999999999
2023-09-06,5.33,0.0,3.8,0.0,307328.5,0.003,28303900.086956523,0.012,-62573.833333333336,0.11299999999999999
2023-09-07,5.33,0.0,3.8,0.0,307336.6,0.003,28307418.04347826,0.012,-62644.2,0.11199999999999999
2023-09-08,5.33,0.0,3.8,0.0,307344.7,0.003,28310936.0,0.012,-62714.566666666666,0.11199999999999999
2023-09-09,5.33,0.0,3.8,0.0,307352.8,0.003,28314453.95652174,0.012,-62784.933333333334,0.11199999999999999
2023-09-10,5.33,0.0,3.8,0.0,307360.9,0.003,28317971.913043477,0.012,-62855.3,0.11199999999999999
2023-09-11,5.33,0.0,3.8,0.0,307369.0,0.003,28321489.86956522,0.012,-62925.666666666664,0.11199999999999999
2023-09-12,5.33,0.0,3.8,0.0,307377.1,0.003,28325007.826086957,0.012,-62996.03333333333,0.11199999999999999
2023-09-13,5.33,0.0,3.8,0.0,307385.2,0.003,28328525.782608695,0.012,-63066.4,0.11199999999999999
2023-09-14,5.33,0.0,3.8,0.0,307393.3,0.003,28332043.739130434,0.012,-63136.76666666667,0.11199999999999999
2023-09-15,5.33,0.0,3.8,0.0,307401.4,0.003,28335561.695652176,0.012,-63207.13333333333,0.11100000000000002
2023-09-16,5.33,0.0,3.8,0.0,307409.5,0.003,28339079.652173914,0.012,-63277.5,0.11100000000000002
2023-09-17,5.33,0.0,3.8,0.0,307417.6,0.003,28342597.608695652,0.012,-63347.86666666667,0.11100000000000002
2023-09-18,5.33,0.0,3.8,0.0,307425.7,0.003,28346115.56521739,0.012,-63418.23333333333,0.11100000000000002
2023-09-19,5.33,0.0,3.8,0.0,307433.8,0.003,28349633.52173913,0.012,-63488.6,0.11100000000000002
2023-09-20,5.33,0.0,3.8,0.0,307441.9,0.003,28353151.47826087,0.012,-63558.96666666667,0.11100000000000002
2023-09-21,5.33,0.0,3.8,0.0,307450.0,0.003,28356669.43478261,0.012,-63629.333333333336,0.11100000000000002
2023-09-22,5.33,0.0,3.8,0.0,307458.1,0.003,28360187.391304348,0.012,-63699.7,0.11100000000000002
2023-09-23,5.33,0.0,3.8,0.0,307466.2,0.003,28363705.347826086,0.012,-63770.066666666666,0.11
2023-09-24,5.33,0.0,3.8,0.0,307474.3,0.003,28367223.304347824,0.012,-63840.433333333334,0.11
2023-09-25,5.33,0.0,3.8,0.0,307482.4,0.003,28370741.260869566,0.012,-63910.8,0.11
2023-09-26,5.33,0.0,3.8,0.0,307490.5,0.003,28374259.217391305,0.012,-63981.166666666664,0.11
2023-09-27,5.33,0.0,3.8,0.0,307498.6,0.003,28377777.173913043,0.012,-64051.53333333333,0.11
2023-09-28,5.33,0.0,3.8,0.0,307506.7,0.003,28381295.13043478,0.012,-64121.9,0.11
2023-09-29,5.33,0.0,3.8,0.0,307514.8,0.003,28384813.086956523,0.012,-64192.26666666666,0.11
2023-09-30,5.33,0.0,3.8,0.0,307522.9,0.003,28388331.04347826,0.012,-64262.63333333333,0.11
2023-10-01,5.33,0.0,3.8,0.0,307531.0,0.003,28391849.0,0.012,-64333.0,0.109
2023-10-02,5.33,0.0,3.7967741935483867,-0.08499999999999999,307546.9032258064,0.005,28395266.52173913,0.012,-64346.58064516129,0.021
2023-10-03,5.33,0.0,3.793548387096774,-0.08499999999999999,307562.8064516129,0.005,28398684.04347826,0.012,-64360.16129032258,0.021
2023-10-04,5.33,0.0,3.790322580645161,-0.08499999999999999,307578.70967741933,0.005,28402101.56521739,0.012,-64373.74193548387,0.021
2023-10-05,5.33,0.0,3.7870967741935484,-0.08499999999999999,307594.6129032258,0.005,28405519.086956523,0.012,-64387.32258064516,0.021
2023-10-06,5.33,0.0,3.7838709677419353,-0.08499999999999999,307610.51612903224,0.005,28408936.608695652,0.012,-64400.903225806454,0.021
2023-10-07,5.33,0.0,3.7806451612903227,-0.08499999999999999,307626.4193548387,0.005,28412354.13043478,0.012,-64414.48387096774,0.021
2023-10-08,5.33,0.0,3.7774193548387096,-0.08499999999999999,307642.32258064515,0.005,28415771.652173914,0.012,-64428.06451612903,0.021
2023-10-09,5.33,0.0,3.7741935483870965,-0.08499999999999999,307658.22580645164,0.005,28419189.173913043,0.012,-64441.645161290326,0.021
2023-10-10,5.33,0.0,3.770967741935484,-0.08499999999999999,307674.12903225806,0.005,28422606.695652176,0.012,-64455.22580645161,0.021
2023-10-11,5.33,0.0,3.767741935483871,-0.086,307690.03225806454,0.005,28426024.217391305,0.012,-64468.8064516129,0.021
2023-10-12,5.33,0.0,3.764516129032258,-0.086,307705.93548387097,0.005,28429441.739130434,0.012,-64482.3870967742,0.021
2023-10-13,5.33,0.0,3.761290322580645,-0.086,307721.8387096774,0.005,28432859.260869566,0.012,-64495.967741935485,0.021
2023-10-14,5.33,0.0,3.758064516129032,-0.086,307737.7419354839,0.005,28436276.782608695,0.012,-64509.54838709677,0.021
2023-10-15,5.33,0.0,3.7548387096774194,-0.086,307753.6451612903,0.005,28439694.304347824,0.012,-64523.12903225807,0.021
2023-10-16,5.33,0.0,3.7516129032258063,-0.086,307769.5483870968,0.005,28443111.826086957,0.012,-64536.709677419356,0.021
2023-10-17,5.33,0.0,3.7483870967741937,-0.086,307785.4516129032,0.005,28446529.347826086,0.012,-64550.290322580644,0.021
2023-10-18,5.33,0.0,3.7451612903225806,-0.086,307801.3548387097,0.005,28449946.86956522,0.012,-64563.87096774193,0.021
2023-10-19,5.33,0.0,3.741935483870968,-0.086,307817.2580645161,0.005,28453364.391304348,0.012,-64577.45161290323,0.021
2023-10-20,5.33,0.0,3.738709677419355,-0.086,307833.1612903226,0.005,28456781.913043477,0.012,-64591.032258064515,0.021
2023-10-21,5.33,0.0,3.735483870967742,-0.086,307849.06451612903,0.005,28460199.43478261,0.012,-64604.6129032258,0.021
2023-10-22,5.33,0.0,3.732258064516129,-0.086,307864.96774193546,0.005,28463616.95652174,0.012,-64618.1935483871,0.021
2023-10-23,5.33,0.0,3.729032258064516,-0.086,307880.87096774194,0.005,28467034.47826087,0.012,-64631.77419354839,0.021
2023-10-24,5.33,0.0,3.7258064516129035,-0.087,307896.77419354836,0.005,28470452.0,0.012,-64645.354838709674,0.021
2023-10-25,5.33,0.0,3.7225806451612904,-0.087,307912.67741935485,0.005,28473869.52173913,0.012,-64658.93548387097,0.021
2023-10-26,5.33,0.0,3.7193548387096773,-0.087,307928.5806451613,0.005,28477287.04347826,0.012,-64672.51612903226,0.021
2023-10-27,5.33,0.0,3.7161290322580647,-0.087,307944.48387096776,0.005,28480704.56521739,0.012,-64686.096774193546,0.021
2023-10-28,5.33,0.0,3.7129032258064516,-0.087,307960.3870967742,0.005,28484122.086956523,0.012,-64699.67741935484,0.021
2023-10-29,5.33,0.0,3.709677419354839,-0.087,307976.29032258067,0.005,28487539.608695652,0.012,-64713.25806451613,0.021
2023-10-30,5.33,0.0,3.706451612903226,-0.087,307992.1935483871,0.005,28490957.13043478,0.012,-64726.83870967742,0.021
2023-10-31,5.33,0.0,3.7032258064516133,-0.087,308008.0967741936,0.005,28494374.652173914,0.012,-64740.41935483871,0.021
2023-11-01,5.33,0.0,3.7,-0.087,308024.0,0.005,28497792.173913043,0.012,-64754.0,0.021
2023-11-02,5.33,0.0,3.7,0.0,308047.93333333335,0.008,28501209.695652176,0.012,-64759.36666666667,0.008
2023-11-03,5.33,0.0,3.7,0.0,308071.86666666664,0.008,28504627.217391305,0.012,-64764.73333333333,0.008
2023-11-04,5.33,0.0,3.7,0.0,308095.8,0.008,28508044.739130434,0.012,-64770.1,0.008
2023-11-05,5.33,0.0,3.7,0.0,308119.73333333334,0.008,28511462.260869566,0.012,-64775.46666666667,0.008
2023-11-06,5.33,0.0,3.7,0.0,308143.6666666667,0.008,28514879.782608695,0.012,-64780.833333333336,0.008
2023-11-07,5.33,0.0,3.7,0.0,308167.6,0.008,28518297.304347824,0.012,-64786.2,0.008
2023-11-08,5.33,0.0,3.7,0.0,308191.5333333333,0.008,28521714.826086957,0.012,-64791.566666666666,0.008
2023-11-09,5.33,0.0,3.7,0.0,308215.4666666667,0.008,28525132.347826086,0.012,-64796.933333333334,0.008
2023-11-10,5.33,0.0,3.7,0.0,308239.4,0.008,28528549.86956522,0.012,-64802.3,0.008
2023-11-11,5.33,0.0,3.7,0.0,308263.3333333333,0.008,28531967.391304348,0.012,-64807.666666666664,0.008
2023-11-12,5.33,0.0,3.7,0.0,308287.26666666666,0.008,28535384.913043477,0.012,-64813.03333333333,0.008
2023-11-13,5.33,0.0,3.7,0.0,308311.2,0.008,28538802.43478261,0.012,-64818.4,0.008
2023-11-14,5.33,0.0,3.7,0.0,308335.13333333336,0.008,28542219.95652174,0.012,-64823.76666666667,0.008
2023-11-15,5.33,0.0,3.7,0.0,308359.06666666665,0.008,28545637.47826087,0.012,-64829.13333333333,0.008
2023-11-16,5.33,0.0,3.7,0.0,308383.0,0.008,28549055.0,0.012,-64834.5,0.008
2023-11-17,5.33,0.0,3.7,0.0,308406.93333333335,0.008,28552472.52173913,0.012,-64839.86666666667,0.008
2023-11-18,5.33,0.0,3.7,0.0,308430.86666666664,0.008,28555890.04347826,0.012,-64845.23333333333,0.008
2023-11-19,5.33,0.0,3.7,0.0,308454.8,0.008,28559307.56521739,0.012,-64850.6,0.008
2023-11-20,5.33,0.0,3.7,0.0,308478.73333333334,0.008,28562725.086956523,0.012,-64855.96666666667,0.008
2023-11-21,5.33,0.0,3.7,0.0,308502.6666666667,0.008,28566142.608695652,0.012,-64861.333333333336,0.008
2023-11-22,5.33,0.0,3.7,0.0,308526.6,0.008,28569560.13043478,0.012,-64866.7,0.008
2023-11-23,5.33,0.0,3.7,0.0,308550.5333333333,0.008,28572977.652173914,0.012,-64872.066666666666,0.008
2023-11-24,5.33,0.0,3.7,0.0,308574.4666666667,0.008,28576395.173913043,0.012,-64877.433333333334,0.008
2023-11-25,5.33,0.0,3.7,0.0,308598.4,0.008,28579812.695652176,0.012,-64882.8,0.008
2023-11-26,5.33,0.0,3.7,0.0,308622.3333333333,0.008,28583230.217391305,0.012,-64888.166666666664,0.008
2023-11-27,5.33,0.0,3.7,0.0,308646.26666666666,0.008,28586647.739130434,0.012,-64893.53333333333,0.008
2023-11-28,5.33,0.0,3.7,0.0,308670.2,0.008,28590065.260869566,0.012,-64898.9,0.008
2023-11-29,5.33,0.0,3.7,0.0,308694.13333333336,0.008,28593482.782608695,0.012,-64904.26666666667,0.008
2023-11-30,5.33,0.0,3.7,0.0,308718.06666666665,0.008,28596900.304347824,0.012,-64909.63333333333,0.008
2023-12-01,5.33,0.0,3.7,0.0,308742.0,0.008,28600317.826086957,0.012,-64915.0,0.008
2023-12-02,5.33,0.0,3.7,0.0,308772.4193548387,0.01,28603735.347826086,0.012,-64962.87096774193,0.074
2023-12-03,5.33,0.0,3.7,0.0,308802.8387096774,0.01,28607152.86956522,0.012,-65010.74193548387,0.074
2023-12-04,5.33,0.0,3.7,0.0,308833.2580645161,0.01,28610570.391304348,0.012,-65058.6129032258,0.074
2023-12-05,5.33,0.0,3.7,0.0,308863.67741935485,0.01,28613987.913043477,0.012,-65106.48387096774,0.074
2023-12-06,5.33,0.0,3.7,0.0,308894.0967741936,0.01,28617405.43478261,0.012,-65154.354838709674,0.074
2023-12-07,5.33,0.0,3.7,0.0,308924.51612903224,0.01,28620822.95652174,0.012,-65202.22580645161,0.073
2023-12-08,5.33,0.0,3.7,0.0,308954.93548387097,0.01,28624240.47826087,0.012,-65250.096774193546,0.073
2023-12-09,5.33,0.0,3.7,0.0,308985.3548387097,0.01,28627658.0,0.012,-65297.967741935485,0.073
2023-12-10,5.33,0.0,3.7,0.0,309015.77419354836,0.01,28631075.52173913,0.012,-65345.83870967742,0.073
2023-12-11,5.33,0.0,3.7,0.0,309046.1935483871,0.01,28634493.04347826,0.012,-65393.709677419356,0.073
2023-12-12,5.33,0.0,3.7,0.0,309076.6129032258,0.01,28637910.56521739,0.012,-65441.58064516129,0.073
2023-12-13,5.33,0.0,3.7,0.0,309107.03225806454,0.01,28641328.086956523,0.012,-65489.45161290323,0.073
2023-12-14,5.33,0.0,3.7,0.0,309137.4516129032,0.01,28644745.608695652,0.012,-65537.32258064517,0.073
2023-12-15,5.33,0.0,3.7,0.0,309167.87096774194,0.01,28648163.13043478,0.012,-65585.19354838709,0.073
2023-12-16,5.33,0.0,3.7,0.0,309198.29032258067,0.01,28651580.652173914,0.012,-65633.06451612903,0.073
2023-12-17,5.33,0.0,3.7,0.0,309228.70967741933,0.01,28654998.173913043,0.012,-65680.93548387097,0.073
2023-12-18,5.33,0.0,3.7,0.0,309259.12903225806,0.01,28658415.695652176,0.012,-65728.80645161291,0.073
2023-12-19,5.33,0.0,3.7,0.0,309289.5483870968,0.01,28661833.217391305,0.012,-65776.67741935483,0.073
2023-12-20,5.33,0.0,3.7,0.0,309319.96774193546,0.01,28665250.739130434,0.012,-65824.54838709677,0.073
2023-12-21,5.33,0.0,3.7,0.0,309350.3870967742,0.01,28668668.260869566,0.012,-65872.41935483871,0.073
2023-12-22,5.33,0.0,3.7,0.0,309380.8064516129,0.01,28672085.782608695,0.012,-65920.29032258065,0.073
2023-12-23,5.33,0.0,3.7,0.0,309411.22580645164,0.01,28675503.304347824,0.012,-65968.16129032258,0.073
2023-12-24,5.33,0.0,3.7,0.0,309441.6451612903,0.01,28678920.826086957,0.012,-66016.03225806452,0.073
2023-12-25,5.33,0.0,3.7,0.0,309472.06451612903,0.01,28682338.347826086,0.012,-66063.90322580645,0.073
2023-12-26,5.33,0.0,3.7,0.0,309502.48387096776,0.01,28685755.86956522,0.012,-66111.7741935484,0.07200000000000001
2023-12-27,5.33,0.0,3.7,0.0,309532.9032258064,0.01,28689173.391304348,0.012,-66159.64516129032,0.07200000000000001
2023-12-28,5.33,0.0,3.7,0.0,309563.32258064515,0.01,28692590.913043477,0.012,-66207.51612903226,0.07200000000000001
2023-12-29,5.33,0.0,3.7,0.0,309593.7419354839,0.01,28696008.43478261,0.012,-66255.3870967742,0.07200000000000001
2023-12-30,5.33,0.0,3.7,0.0,309624.1612903226,0.01,28699425.95652174,0.012,-66303.25806451614,0.07200000000000001
2023-12-31,5.33,0.0,3.7,0.0,309654.5806451613,0.01,28702843.47826087,0.012,-66351.12903225806,0.07200000000000001
2024-01-01,5.33,0.0,3.7,0.0,309685.0,0.01,28706261.0,0.012,-66399.0,0.07200000000000001
2024-01-02,5.33,0.0,3.706451612903226,0.174,309729.1612903226,0.013999999999999999,28710330.813186813,0.013999999999999999,-66478.70967741935,0.12
2024-01-03,5.33,0.0,3.7129032258064516,0.174,309773.32258064515,0.013999999999999999,28714400.626373626,0.013999999999999999,-66558.41935483871,0.12
2024-01-04,5.33,0.0,3.7193548387096778,0.174,309817.48387096776,0.013999999999999999,28718470.43956044,0.013999999999999999,-66638.12903225806,0.12
2024-01-05,5.33,0.0,3.7258064516129035,0.173,309861.6451612903,0.013999999999999999,28722540.252747253,0.013999999999999999,-66717.83870967742,0.12
2024-01-06,5.33,0.0,3.732258064516129,0.173,309905.8064516129,0.013999999999999999,28726610.065934066,0.013999999999999999,-66797.54838709677,0.11900000000000001
2024-01-07,5.33,0.0,3.738709677419355,0.173,309949.96774193546,0.013999999999999999,28730679.87912088,0.013999999999999999,-66877.25806451614,0.11900000000000001
2024-01-08,5.33,0.0,3.7451612903225806,0.173,309994.12903225806,0.013999999999999999,28734749.692307692,0.013999999999999999,-66956.96774193548,0.11900000000000001
2024-01-09,5.33,0.0,3.7516129032258068,0.172,310038.29032258067,0.013999999999999999,28738819.505494505,0.013999999999999999,-67036.67741935483,0.11900000000000001
2024-01-10,5.33,0.0,3.7580645161290325,0.172,310082.4516129032,0.013999999999999999,28742889.31868132,0.013999999999999999,-67116.3870967742,0.11900000000000001
2024-01-11,5.33,0.0,3.764516129032258,0.172,310126.6129032258,0.013999999999999999,28746959.13186813,0.013999999999999999,-67196.09677419355,0.11900000000000001
2024-01-12,5.33,0.0,3.770967741935484,0.17099999999999999,310170.77419354836,0.013999999999999999,28751028.945054945,0.013999999999999999,-67275.80645161291,0.11900000000000001
2024-01-13,5.33,0.0,3.7774193548387096,0.17099999999999999,310214.93548387097,0.013999999999999999,28755098.758241758,0.013999999999999999,-67355.51612903226,0.11800000000000001
2024-01-14,5.33,0.0,3.7838709677419358,0.17099999999999999,310259.0967741936,0.013999999999999999,28759168.57142857,0.013999999999999999,-67435.2258064516,0.11800000000000001
2024-01-15,5.33,0.0,3.7903225806451615,0.17099999999999999,310303.2580645161,0.013999999999999999,28763238.384615384,0.013999999999999999,-67514.93548387097,0.11800000000000001
2024-01-16,5.33,0.0,3.796774193548387,0.16999999999999998,310347.4193548387,0.013999999999999999,28767308.197802197,0.013999999999999999,-67594.64516129032,0.11800000000000001
2024-01-17,5.33,0.0,3.803225806451613,0.16999999999999998,310391.5806451613,0.013999999999999999,28771378.01098901,0.013999999999999999,-67674.35483870968,0.11800000000000001
2024-01-18,5.33,0.0,3.8096774193548386,0.16999999999999998,310435.7419354839,0.013999999999999999,28775447.824175823,0.013999999999999999,-67754.06451612903,0.11800000000000001
2024-01-19,5.33,0.0,3.8161290322580643,0.169,310479.9032258064,0.013999999999999999,28779517.637362637,0.013999999999999999,-67833.7741935484,0.11800000000000001
2024-01-20,5.33,0.0,3.8225806451612905,0.169,310524.06451612903,0.013999999999999999,28783587.45054945,0.013999999999999999,-67913.48387096774,0.11800000000000001
2024-01-21,5.33,0.0,3.829032258064516,0.169,310568.22580645164,0.013999999999999999,28787657.263736263,0.013999999999999999,-67993.19354838709,0.117
2024-01-22,5.33,0.0,3.835483870967742,0.168,310612.3870967742,0.013999999999999999,28791727.076923076,0.013999999999999999,-68072.90322580645,0.117
2024-01-23,5.33,0.0,3.8419354838709676,0.168,310656.5483870968,0.013999999999999999,28795796.89010989,0.013999999999999999,-68152.6129032258,0.117
2024-01-24,5.33,0.0,3.8483870967741933,0.168,310700.70967741933,0.013999999999999999,28799866.703296702,0.013999999999999999,-68232.32258064517,0.117
2024-01-25,5.33,0.0,3.8548387096774195,0.168,310744.87096774194,0.013999999999999999,28803936.516483516,0.013999999999999999,-68312.03225806452,0.117
2024-01-26,5.33,0.0,3.861290322580645,0.167,310789.03225806454,0.013999999999999999,28808006.32967033,0.013999999999999999,-68391.74193548386,0.117
2024-01-27,5.33,0.0,3.867741935483871,0.167,310833.1935483871,0.013999999999999999,28812076.14285714,0.013999999999999999,-68471.45161290323,0.117
2024-01-28,5.33,0.0,3.8741935483870966,0.167,310877.3548387097,0.013999999999999999,28816145.956043955,0.013999999999999999,-68551.16129032258,0.116
2024-01-29,5.33,0.0,3.8806451612903223,0.167,310921.51612903224,0.013999999999999999,28820215.769230768,0.013999999999999999,-68630.87096774194,0.116
2024-01-30,5.33,0.0,3.8870967741935485,0.166,310965.67741935485,0.013999999999999999,28824285.58241758,0.013999999999999999,-68710.58064516129,0.116
2024-01-31,5.33,0.0,3.893548387096774,0.166,311009.8387096774,0.013999999999999999,28828355.395604394,0.013999999999999999,-68790.29032258065,0.116
2024-02-01,5.33,0.0,3.9,0.166,311054.0,0.013999999999999999,28832425.208791208,0.013999999999999999,-68870.0,0.116
2024-02-02,5.33,0.0,3.896551724137931,-0.08800000000000001,311094.5517241379,0.013,28836495.02197802,0.013999999999999999,-68839.03448275862,-0.045
2024-02-03,5.33,0.0,3.893103448275862,-0.08800000000000001,311135.1034482759,0.013,28840564.835164834,0.013999999999999999,-68808.06896551725,-0.045
2024-02-04,5.33,0.0,3.889655172413793,-0.089,311175.6551724138,0.013,28844634.648351647,0.013999999999999999,-68777.10344827586,-0.045
2024-02-05,5.33,0.0,3.886206896551724,-0.089,311216.2068965517,0.013,28848704.46153846,0.013999999999999999,-68746.13793103448,-0.045
2024-02-06,5.33,0.0,3.882758620689655,-0.089,311256.7586206897,0.013,28852774.274725273,0.013999999999999999,-68715.1724137931,-0.045
2024-02-07,5.33,0.0,3.8793103448275863,-0.089,311297.3103448276,0.013,28856844.087912086,0.013999999999999999,-68684.20689655172,-0.045
2024-02-08,5.33,0.0,3.875862068965517,-0.089,311337.8620689655,0.013,28860913.9010989,0.013999999999999999,-68653.24137931035,-0.045
2024-02-09,5.33,0.0,3.872413793103448,-0.089,311378.4137931034,0.013,28864983.714285713,0.013999999999999999,-68622.27586206897,-0.045
2024-02-10,5.33,0.0,3.8689655172413793,-0.089,311418.9655172414,0.013,28869053.527472526,0.013999999999999999,-68591.31034482758,-0.045
2024-02-11,5.33,0.0,3.8655172413793104,-0.089,311459.5172413793,0.013,28873123.34065934,0.013999999999999999,-68560.3448275862,-0.045
2024-02-12,5.33,0.0,3.862068965517241,-0.089,311500.0689655172,0.013,28877193.153846152,0.013999999999999999,-68529.37931034483,-0.045
2024-02-13,5.33,0.0,3.8586206896551722,-0.089,311540.6206896552,0.013,28881262.967032965,0.013999999999999999,-68498.41379310345,-0.045
2024-02-14,5.33,0.0,3.8551724137931034,-0.089,311581.1724137931,0.013,28885332.78021978,0.013999999999999999,-68467.44827586207,-0.045
2024-02-15,5.33,0.0,3.8517241379310345,-0.089,311621.724137931,0.013,28889402.59340659,0.013999999999999999,-68436.4827586207,-0.045
2024-02-16,5.33,0.0,3.848275862068965,-0.09,311662.275862069,0.013,28893472.40659341,0.013999999999999999,-68405.5172413793,-0.045
2024-02-17,5.33,0.0,3.8448275862068964,-0.09,311702.8275862069,0.013,28897542.21978022,0.013999999999999999,-68374.55172413793,-0.045
2024-02-18,5.33,0.0,3.8413793103448275,-0.09,311743.3793103448,0.013,28901612.032967035,0.013999999999999999,-68343.58620689655,-0.045
2024-02-19,5.33,0.0,3.8379310344827586,-0.09,311783.9310344828,0.013,28905681.846153848,0.013999999999999999,-68312.62068965517,-0.045
2024-02-20,5.33,0.0,3.8344827586206893,-0.09,311824.4827586207,0.013,28909751.65934066,0.013999999999999999,-68281.6551724138,-0.045
2024-02-21,5.33,0.0,3.8310344827586205,-0.09,311865.0344827586,0.013,28913821.472527474,0.013999999999999999,-68250.68965517242,-0.045
2024-02-22,5.33,0.0,3.8275862068965516,-0.09,311905.5862068966,0.013,28917891.285714287,0.013999999999999999,-68219.72413793103,-0.045
2024-02-23,5.33,0.0,3.8241379310344827,-0.09,311946.1379310345,0.013,28921961.0989011,0.013999999999999999,-68188.75862068965,-0.045
2024-02-24,5.33,0.0,3.8206896551724134,-0.09,311986.6896551724,0.013,28926030.912087914,0.013999999999999999,-68157.79310344828,-0.045
2024-02-25,5.33,0.0,3.8172413793103446,-0.09,312027.2413793103,0.013,28930100.725274727,0.013999999999999999,-68126.8275862069,-0.045
2024-02-26,5.33,0.0,3.8137931034482757,-0.09,312067.7931034483,0.013,28934170.53846154,0.013999999999999999,-68095.86206896552,-0.045
2024-02-27,5.33,0.0,3.810344827586207,-0.09,312108.3448275862,0.013,28938240.351648353,0.013999999999999999,-68064.89655172414,-0.045
2024-02-28,5.33,0.0,3.8068965517241375,-0.09,312148.8965517241,0.013,28942310.164835166,0.013999999999999999,-68033.93103448275,-0.045
2024-02-29,5.33,0.0,3.8034482758620687,-0.091,312189.4482758621,0.013,28946379.97802198,0.013999999999999999,-68002.96551724138,-0.046
2024-03-01,5.33,0.0,3.8,-0.091,312230.0,0.013,28950449.791208792,0.013999999999999999,-67972.0,-0.046
2024-03-02,5.33,0.0,3.803225806451613,0.08499999999999999,312261.51612903224,0.01,28954519.604395606,0.013999999999999999,-68195.54838709677,0.329
2024-03-03,5.33,0.0,3.8064516129032255,0.08499999999999999,312293.03225806454,0.01,28958589.41758242,0.013999999999999999,-68419.09677419355,0.328
2024-03-04,5.33,0.0,3.8096774193548386,0.08499999999999999,312324.5483870968,0.01,28962659.230769232,0.013999999999999999,-68642.64516129032,0.327
2024-03-05,5.33,0.0,3.8129032258064512,0.08499999999999999,312356.06451612903,0.01,28966729.043956045,0.013999999999999999,-68866.19354838709,0.326
2024-03-06,5.33,0.0,3.8161290322580643,0.08499999999999999,312387.5806451613,0.01,28970798.85714286,0.013999999999999999,-69089.74193548386,0.325
2024-03-07,5.33,0.0,3.8193548387096774,0.08499999999999999,312419.0967741936,0.01,28974868.67032967,0.013999999999999999,-69313.29032258065,0.32399999999999995
2024-03-08,5.33,0.0,3.82258064516129,0.084,312450.6129032258,0.01,28978938.483516484,0.013999999999999999,-69536.83870967742,0.32299999999999995
2024-03-09,5.33,0.0,3.825806451612903,0.084,312482.12903225806,0.01,28983008.296703298,0.013999999999999999,-69760.3870967742,0.321
2024-03-10,5.33,0.0,3.829032258064516,0.084,312513.6451612903,0.01,28987078.10989011,0.013999999999999999,-69983.93548387097,0.32
2024-03-11,5.33,0.0,3.832258064516129,0.084,312545.1612903226,0.01,28991147.923076924,0.013999999999999999,-70207.48387096774,0.319
2024-03-12,5.33,0.0,3.835483870967742,0.084,312576.67741935485,0.01,28995217.736263737,0.013999999999999999,-70431.03225806452,0.318
2024-03-13,5.33,0.0,3.8387096774193545,0.084,312608.1935483871,0.01,28999287.54945055,0.013999999999999999,-70654.58064516129,0.317
2024-03-14,5.33,0.0,3.8419354838709676,0.084,312639.70967741933,0.01,29003357.362637363,0.013999999999999999,-70878.12903225806,0.316
2024-03-15,5.33,0.0,3.8451612903225807,0.084,312671.22580645164,0.01,29007427.175824177,0.013999999999999999,-71101.67741935483,0.315
2024-03-16,5.33,0.0,3.8483870967741933,0.084,312702.7419354839,0.01,29011496.98901099,0.013999999999999999,-71325.2258064516,0.314
2024-03-17,5.33,0.0,3.8516129032258064,0.084,312734.2580645161,0.01,29015566.802197803,0.013999999999999999,-71548.7741935484,0.313
2024-03-18,5.33,0.0,3.854838709677419,0.084,312765.77419354836,0.01,29019636.615384616,0.013999999999999999,-71772.32258064517,0.312
2024-03-19,5.33,0.0,3.858064516129032,0.084,312797.29032258067,0.01,29023706.42857143,0.013999999999999999,-71995.87096774194,0.311
2024-03-20,5.33,0.0,3.861290322580645,0.084,312828.8064516129,0.01,29027776.241758242,0.013999999999999999,-72219.41935483871,0.311
2024-03-21,5.33,0.0,3.864516129032258,0.084,312860.32258064515,0.01,29031846.054945055,0.013999999999999999,-72442.96774193548,0.31
2024-03-22,5.33,0.0,3.867741935483871,0.083,312891.8387096774,0.01,29035915.86813187,0.013999999999999999,-72666.51612903226,0.309
2024-03-23,5.33,0.0,3.870967741935484,0.083,312923.3548387097,0.01,29039985.68131868,0.013999999999999999,-72890.06451612903,0.308
2024-03-24,5.33,0.0,3.8741935483870966,0.083,312954.87096774194,0.01,29044055.494505495,0.013999999999999999,-73113.6129032258,0.307
2024-03-25,5.33,0.0,3.8774193548387097,0.083,312986.3870967742,0.01,29048125.307692308,0.013999999999999999,-73337.16129032258,0.306
2024-03-26,5.33,0.0,3.8806451612903223,0.083,313017.9032258064,0.01,29052195.12087912,0.013999999999999999,-73560.70967741935,0.305
2024-03-27,5.33,0.0,3.8838709677419354,0.083,313049.4193548387,0.01,29056264.934065934,0.013999999999999999,-73784.25806451614,0.304
2024-03-28,5.33,0.0,3.8870967741935485,0.083,313080.93548387097,0.01,29060334.747252747,0.013999999999999999,-74007.80645161291,0.303
2024-03-29,5.33,0.0,3.890322580645161,0.083,313112.4516129032,0.01,29064404.56043956,0.013999999999999999,-74231.35483870968,0.302
2024-03-30,5.33,0.0,3.893548387096774,0.083,313143.96774193546,0.01,29068474.373626374,0.013999999999999999,-74454.90322580645,0.301
2024-03-31,5.33,0.0,3.896774193548387,0.083,313175.48387096776,0.01,29072544.186813187,0.013999999999999999,-74678.45161290323,0.3
2024-04-01,5.33,0.0,3.9,0.083,313207.0,0.01,29076614.0,0.013999999999999999,-74902.0,0.299
2024-04-02,5.33,0.0,3.9033333333333333,0.08499999999999999,313207.6,0.0,29076614.0,0.013999999999999999,-74915.46666666666,0.018000000000000002
2024-04-03,5.33,0.0,3.9066666666666667,0.08499999999999999,313208.2,0.0,29076614.0,0.013999999999999999,-74928.93333333333,0.018000000000000002
2024-04-04,5.33,0.0,3.91,0.08499999999999999,313208.8,0.0,29076614.0,0.013999999999999999,-74942.4,0.018000000000000002
2024-04-05,5.33,0.0,3.913333333333333,0.08499999999999999,313209.4,0.0,29076614.0,0.013999999999999999,-74955.86666666667,0.018000000000000002
2024-04-06,5.33,0.0,3.9166666666666665,0.08499999999999999,313210.0,0.0,29076614.0,0.013999999999999999,-74969.33333333333,0.018000000000000002
2024-04-07,5.33,0.0,3.92,0.08499999999999999,313210.6,0.0,29076614.0,0.013999999999999999,-74982.8,0.018000000000000002
2024-04-08,5.33,0.0,3.9233333333333333,0.08499999999999999,313211.2,0.0,29076614.0,0.013999999999999999,-74996.26666666666,0.018000000000000002
2024-04-09,5.33,0.0,3.9266666666666667,0.08499999999999999,313211.8,0.0,29076614.0,0.013999999999999999,-75009.73333333334,0.018000000000000002
2024-04-10,5.33,0.0,3.9299999999999997,0.08499999999999999,313212.4,0.0,29076614.0,0.013999999999999999,-75023.2,0.018000000000000002
2024-04-11,5.33,0.0,3.933333333333333,0.08499999999999999,313213.0,0.0,29076614.0,0.013999999999999999,-75036.66666666667,0.018000000000000002
2024-04-12,5.33,0.0,3.9366666666666665,0.08499999999999999,313213.6,0.0,29076614.0,0.013999999999999999,-75050.13333333333,0.018000000000000002
2024-04-13,5.33,0.0,3.94,0.08499999999999999,313214.2,0.0,29076614.0,0.013999999999999999,-75063.6,0.018000000000000002
2024-04-14,5.33,0.0,3.9433333333333334,0.08499999999999999,313214.8,0.0,29076614.0,0.013999999999999999,-75077.06666666667,0.018000000000000002
2024-04-15,5.33,0.0,3.9466666666666668,0.08499999999999999,313215.4,0.0,29076614.0,0.013999999999999999,-75090.53333333334,0.018000000000000002
2024-04-16,5.33,0.0,3.95,0.084,313216.0,0.0,29076614.0,0.013999999999999999,-75104.0,0.018000000000000002
2024-04-17,5.33,0.0,3.953333333333333,0.084,313216.6,0.0,29076614.0,0.013999999999999999,-75117.46666666666,0.018000000000000002
2024-04-18,5.33,0.0,3.9566666666666666,0.084,313217.2,0.0,29076614.0,0.013999999999999999,-75130.93333333333,0.018000000000000002
2024-04-19,5.33,0.0,3.96,0.084,313217.8,0.0,29076614.0,0.013999999999999999,-75144.4,0.018000000000000002
2024-04-20,5.33,0.0,3.9633333333333334,0.084,313218.4,0.0,29076614.0,0.013999999999999999,-75157.86666666667,0.018000000000000002
2024-04-21,5.33,0.0,3.966666666666667,0.084,313219.0,0.0,29076614.0,0.013999999999999999,-75171.33333333333,0.018000000000000002
2024-04-22,5.33,0.0,3.9699999999999998,0.084,313219.6,0.0,29076614.0,0.013999999999999999,-75184.8,0.018000000000000002
2024-04-23,5.33,0.0,3.973333333333333,0.084,313220.2,0.0,29076614.0,0.013999999999999999,-75198.26666666666,0.018000000000000002
2024-04-24,5.33,0.0,3.9766666666666666,0.084,313220.8,0.0,29076614.0,0.013999999999999999,-75211.73333333334,0.018000000000000002
2024-04-25,5.33,0.0,3.98,0.084,313221.4,0.0,29076614.0,0.013999999999999999,-75225.2,0.018000000000000002
2024-04-26,5.33,0.0,3.9833333333333334,0.084,313222.0,0.0,29076614.0,0.013999999999999999,-75238.66666666667,0.018000000000000002
2024-04-27,5.33,0.0,3.986666666666667,0.084,313222.6,0.0,29076614.0,0.013999999999999999,-75252.13333333333,0.018000000000000002
2024-04-28,5.33,0.0,3.99,0.084,313223.2,0.0,29076614.0,0.013999999999999999,-75265.6,0.018000000000000002
2024-04-29,5.33,0.0,3.993333333333333,0.084,313223.8,0.0,29076614.0,0.013999999999999999,-75279.06666666667,0.018000000000000002
2024-04-30,5.33,0.0,3.9966666666666666,0.083,313224.4,0.0,29076614.0,0.013999999999999999,-75292.53333333334,0.018000000000000002
2024-05-01,5.33,0.0,4.0,0.083,313225.0,0.0,29076614.0,0.013999999999999999,-75306.0,0.018000000000000002
2024-05-02,5.33,0.0,4.003225806451613,0.08099999999999999,313219.32258064515,-0.002,29076614.0,0.013999999999999999,-75232.12903225806,-0.098
2024-05-03,5.33,0.0,4.006451612903226,0.08099999999999999,313213.6451612903,-0.002,29076614.0,0.013999999999999999,-75158.25806451614,-0.098
2024-05-04,5.33,0.0,4.009677419354839,0.08099999999999999,313207.96774193546,-0.002,29076614.0,0.013999999999999999,-75084.3870967742,-0.098
2024-05-05,5.33,0.0,4.012903225806451,0.08,313202.29032258067,-0.002,29076614.0,0.013999999999999999,-75010.51612903226,-0.098
2024-05-06,5.33,0.0,4.016129032258064,0.08,313196.6129032258,-0.002,29076614.0,0.013999999999999999,-74936.64516129032,-0.098
2024-05-07,5.33,0.0,4.019354838709678,0.08,313190.93548387097,-0.002,29076614.0,0.013999999999999999,-74862.7741935484,-0.099
2024-05-08,5.33,0.0,4.02258064516129,0.08,313185.2580645161,-0.002,29076614.0,0.013999999999999999,-74788.90322580645,-0.099
2024-05-09,5.33,0.0,4.025806451612903,0.08,313179.5806451613,-0.002,29076614.0,0.013999999999999999,-74715.03225806452,-0.099
2024-05-10,5.33,0.0,4.029032258064516,0.08,313173.9032258064,-0.002,29076614.0,0.013999999999999999,-74641.16129032258,-0.099
2024-05-11,5.33,0.0,4.032258064516129,0.08,313168.22580645164,-0.002,29076614.0,0.013999999999999999,-74567.29032258065,-0.099
2024-05-12,5.33,0.0,4.035483870967742,0.08,313162.5483870968,-0.002,29076614.0,0.013999999999999999,-74493.41935483871,-0.099
2024-05-13,5.33,0.0,4.038709677419354,0.08,313156.87096774194,-0.002,29076614.0,0.013999999999999999,-74419.54838709677,-0.099
2024-05-14,5.33,0.0,4.041935483870968,0.08,313151.1935483871,-0.002,29076614.0,0.013999999999999999,-74345.67741935483,-0.099
2024-05-15,5.33,0.0,4.04516129032258,0.08,313145.51612903224,-0.002,29076614.0,0.013999999999999999,-74271.80645161291,-0.099
2024-05-16,5.33,0.0,4.048387096774193,0.08,313139.8387096774,-0.002,29076614.0,0.013999999999999999,-74197.93548387097,-0.099
2024-05-17,5.33,0.0,4.051612903225807,0.08,313134.1612903226,-0.002,29076614.0,0.013999999999999999,-74124.06451612903,-0.1
2024-05-18,5.33,0.0,4.054838709677419,0.08,313128.48387096776,-0.002,29076614.0,0.013999999999999999,-74050.19354838709,-0.1
2024-05-19,5.33,0.0,4.058064516129032,0.08,313122.8064516129,-0.002,29076614.0,0.013999999999999999,-73976.32258064517,-0.1
2024-05-20,5.33,0.0,4.061290322580645,0.079,313117.12903225806,-0.002,29076614.0,0.013999999999999999,-73902.45161290323,-0.1
2024-05-21,5.33,0.0,4.064516129032258,0.079,313111.4516129032,-0.002,29076614.0,0.013999999999999999,-73828.58064516129,-0.1
2024-05-22,5.33,0.0,4.067741935483871,0.079,313105.77419354836,-0.002,29076614.0,0.013999999999999999,-73754.70967741935,-0.1
2024-05-23,5.33,0.0,4.070967741935483,0.079,313100.0967741936,-0.002,29076614.0,0.013999999999999999,-73680.83870967742,-0.1
2024-05-24,5.33,0.0,4.074193548387097,0.079,313094.4193548387,-0.002,29076614.0,0.013999999999999999,-73606.96774193548,-0.1
2024-05-25,5.33,0.0,4.077419354838709,0.079,313088.7419354839,-0.002,29076614.0,0.013999999999999999,-73533.09677419355,-0.1
2024-05-26,5.33,0.0,4.080645161290322,0.079,313083.06451612903,-0.002,29076614.0,0.013999999999999999,-73459.2258064516,-0.1
2024-05-27,5.33,0.0,4.083870967741936,0.079,313077.3870967742,-0.002,29076614.0,0.013999999999999999,-73385.35483870968,-0.101
2024-05-28,5.33,0.0,4.087096774193548,0.079,313071.70967741933,-0.002,29076614.0,0.013999999999999999,-73311.48387096774,-0.101
2024-05-29,5.33,0.0,4.090322580645161,0.079,313066.03225806454,-0.002,29076614.0,0.013999999999999999,-73237.6129032258,-0.101
2024-05-30,5.33,0.0,4.0935483870967735,0.079,313060.3548387097,-0.002,29076614.0,0.013999999999999999,-73163.74193548386,-0.101
2024-05-31,5.33,0.0,4.096774193548387,0.079,313054.67741935485,-0.002,29076614.0,0.013999999999999999,-73089.87096774194,-0.101
2024-06-01,5.33,0.0,4.1,0.079,313049.0,-0.002,29076614.0,0.013999999999999999,-73016.0,-0.101
2024-06-02,5.33,0.0,4.1066666666666665,0.163,313065.1666666667,0.005,29076614.0,0.013999999999999999,-73212.73333333334,0.269
2024-06-03,5.33,0.0,4.113333333333333,0.16199999999999998,313081.3333333333,0.005,29076614.0,0.013999999999999999,-73409.46666666666,0.269
2024-06-04,5.33,0.0,4.119999999999999,0.16199999999999998,313097.5,0.005,29076614.0,0.013999999999999999,-73606.2,0.268
2024-06-05,5.33,0.0,4.126666666666666,0.16199999999999998,313113.6666666667,0.005,29076614.0,0.013999999999999999,-73802.93333333333,0.267
2024-06-06,5.33,0.0,4.133333333333333,0.16199999999999998,313129.8333333333,0.005,29076614.0,0.013999999999999999,-73999.66666666667,0.267
2024-06-07,5.33,0.0,4.14,0.161,313146.0,0.005,29076614.0,0.013999999999999999,-74196.4,0.266
2024-06-08,5.33,0.0,4.1466666666666665,0.161,313162.1666666667,0.005,29076614.0,0.013999999999999999,-74393.13333333333,0.265
2024-06-09,5.33,0.0,4.153333333333333,0.161,313178.3333333333,0.005,29076614.0,0.013999999999999999,-74589.86666666667,0.264
2024-06-10,5.33,0.0,4.16,0.161,313194.5,0.005,29076614.0,0.013999999999999999,-74786.6,0.264
2024-06-11,5.33,0.0,4.166666666666666,0.16,313210.6666666667,0.005,29076614.0,0.013999999999999999,-74983.33333333333,0.263
2024-06-12,5.33,0.0,4.173333333333333,0.16,313226.8333333333,0.005,29076614.0,0.013999999999999999,-75180.06666666667,0.262
2024-06-13,5.33,0.0,4.18,0.16,313243.0,0.005,29076614.0,0.013999999999999999,-75376.8,0.262
2024-06-14,5.33,0.0,4.1866666666666665,0.159,313259.1666666667,0.005,29076614.0,0.013999999999999999,-75573.53333333334,0.261
2024-06-15,5.33,0.0,4.193333333333333,0.159,313275.3333333333,0.005,29076614.0,0.013999999999999999,-75770.26666666666,0.26
2024-06-16,5.33,0.0,4.199999999999999,0.159,313291.5,0.005,29076614.0,0.013999999999999999,-75967.0,0.26
2024-06-17,5.33,0.0,4.206666666666666,0.159,313307.6666666667,0.005,29076614.0,0.013999999999999999,-76163.73333333334,0.259
2024-06-18,5.33,0.0,4.213333333333333,0.158,313323.8333333333,0.005,29076614.0,0.013999999999999999,-76360.46666666666,0.258
2024-06-19,5.33,0.0,4.22,0.158,313340.0,0.005,29076614.0,0.013999999999999999,-76557.2,0.258
2024-06-20,5.33,0.0,4.226666666666667,0.158,313356.1666666667,0.005,29076614.0,0.013999999999999999,-76753.93333333333,0.257
2024-06-21,5.33,0.0,4.233333333333333,0.158,313372.3333333333,0.005,29076614.0,0.013999999999999999,-76950.66666666667,0.256
2024-06-22,5.33,0.0,4.24,0.157,313388.5,0.005,29076614.0,0.013999999999999999,-77147.4,0.256
2024-06-23,5.33,0.0,4.246666666666666,0.157,313404.6666666667,0.005,29076614.0,0.013999999999999999,-77344.13333333333,0.255
2024-06-24,5.33,0.0,4.253333333333333,0.157,313420.8333333333,0.005,29076614.0,0.013999999999999999,-77540.86666666667,0.254
2024-06-25,5.33,0.0,4.26,0.157,313437.0,0.005,29076614.0,0.013999999999999999,-77737.6,0.254
2024-06-26,5.33,0.0,4.266666666666667,0.156,313453.1666666667,0.005,29076614.0,0.013999999999999999,-77934.33333333333,0.253
2024-06-27,5.33,0.0,4.273333333333333,0.156,313469.3333333333,0.005,29076614.0,0.013999999999999999,-78131.06666666667,0.252
2024-06-28,5.33,0.0,4.279999999999999,0.156,313485.5,0.005,29076614.0,0.013999999999999999,-78327.8,0.252
2024-06-29,5.33,0.0,4.286666666666666,0.156,313501.6666666667,0.005,29076614.0,0.013999999999999999,-78524.53333333333,0.251
2024-06-30,5.33,0.0,4.293333333333333,0.156,313517.8333333333,0.005,29076614.0,0.013999999999999999,-78721.26666666666,0.251
2024-07-01,5.33,0.0,4.3,0.155,313534.0,0.005,29076614.0,0.013999999999999999,-78918.0,0.25
2024-07-02,5.33,0.0,4.296774193548387,-0.075,313552.93548387097,0.006,29076614.0,0.013999999999999999,-78655.70967741935,-0.332
2024-07-03,5.33,0.0,4.293548387096774,-0.075,313571.87096774194,0.006,29076614.0,0.013999999999999999,-78393.41935483871,-0.333
2024-07-04,5.33,0.0,4.290322580645161,-0.075,313590.8064516129,0.006,29076614.0,0.013999999999999999,-78131.12903225806,-0.335
2024-07-05,5.33,0.0,4.287096774193548,-0.075,313609.7419354839,0.006,29076614.0,0.013999999999999999,-77868.83870967742,-0.336
2024-07-06,5.33,0.0,4.283870967741936,-0.075,313628.67741935485,0.006,29076614.0,0.013999999999999999,-77606.54838709677,-0.337
2024-07-07,5.33,0.0,4.280645161290322,-0.075,313647.6129032258,0.006,29076614.0,0.013999999999999999,-77344.25806451612,-0.338
2024-07-08,5.33,0.0,4.27741935483871,-0.075,313666.5483870968,0.006,29076614.0,0.013999999999999999,-77081.96774193548,-0.33899999999999997
2024-07-09,5.33,0.0,4.274193548387097,-0.075,313685.48387096776,0.006,29076614.0,0.013999999999999999,-76819.67741935483,-0.33999999999999997
2024-07-10,5.33,0.0,4.2709677419354835,-0.075,313704.4193548387,0.006,29076614.0,0.013999999999999999,-76557.3870967742,-0.34099999999999997
2024-07-11,5.33,0.0,4.267741935483871,-0.076,313723.3548387097,0.006,29076614.0,0.013999999999999999,-76295.09677419355,-0.34299999999999997
2024-07-12,5.33,0.0,4.264516129032258,-0.076,313742.29032258067,0.006,29076614.0,0.013999999999999999,-76032.80645161291,-0.344
2024-07-13,5.33,0.0,4.2612903225806456,-0.076,313761.22580645164,0.006,29076614.0,0.013999999999999999,-75770.51612903226,-0.345
2024-07-14,5.33,0.0,4.258064516129032,-0.076,313780.1612903226,0.006,29076614.0,0.013999999999999999,-75508.2258064516,-0.346
2024-07-15,5.33,0.0,4.254838709677419,-0.076,313799.0967741936,0.006,29076614.0,0.013999999999999999,-75245.93548387097,-0.347
2024-07-16,5.33,0.0,4.251612903225807,-0.076,313818.03225806454,0.006,29076614.0,0.013999999999999999,-74983.64516129032,-0.349
2024-07-17,5.33,0.0,4.248387096774193,-0.076,313836.96774193546,0.006,29076614.0,0.013999999999999999,-74721.35483870968,-0.35000000000000003
2024-07-18,5.33,0.0,4.245161290322581,-0.076,313855.9032258064,0.006,29076614.0,0.013999999999999999,-74459.06451612903,-0.35100000000000003
2024-07-19,5.33,0.0,4.241935483870968,-0.076,313874.8387096774,0.006,29076614.0,0.013999999999999999,-74196.7741935484,-0.35200000000000004
2024-07-20,5.33,0.0,4.2387096774193544,-0.076,313893.77419354836,0.006,29076614.0,0.013999999999999999,-73934.48387096774,-0.35400000000000004
2024-07-21,5.33,0.0,4.235483870967742,-0.076,313912.70967741933,0.006,29076614.0,0.013999999999999999,-73672.19354838709,-0.35500000000000004
2024-07-22,5.33,0.0,4.232258064516129,-0.076,313931.6451612903,0.006,29076614.0,0.013999999999999999,-73409.90322580645,-0.356
2024-07-23,5.33,0.0,4.2290322580645165,-0.076,313950.5806451613,0.006,29076614.0,0.013999999999999999,-73147.6129032258,-0.357
2024-07-24,5.33,0.0,4.225806451612903,-0.076,313969.51612903224,0.006,29076614.0,0.013999999999999999,-72885.32258064517,-0.359
2024-07-25,5.33,0.0,4.22258064516129,-0.076,313988.4516129032,0.006,29076614.0,0.013999999999999999,-72623.03225806452,-0.36
2024-07-26,5.33,0.0,4.219354838709678,-0.076,314007.3870967742,0.006,29076614.0,0.013999999999999999,-72360.74193548386,-0.361
2024-07-27,5.33,0.0,4.216129032258064,-0.076,314026.32258064515,0.006,29076614.0,0.013999999999999999,-72098.45161290323,-0.362
2024-07-28,5.33,0.0,4.212903225806452,-0.077,314045.2580645161,0.006,29076614.0,0.013999999999999999,-71836.16129032258,-0.364
2024-07-29,5.33,0.0,4.209677419354839,-0.077,314064.1935483871,0.006,29076614.0,0.013999999999999999,-71573.87096774194,-0.365
2024-07-30,5.33,0.0,4.206451612903226,-0.077,314083.12903225806,0.006,29076614.0,0.013999999999999999,-71311.58064516129,-0.366
2024-07-31,5.33,0.0,4.203225806451613,-0.077,314102.06451612903,0.006,29076614.0,0.013999999999999999,-71049.29032258065,-0.368
2024-08-01,5.33,0.0,4.2,-0.077,314121.0,0.006,29076614.0,0.013999999999999999,-70787.0,-0.369
2024-08-02,5.33,0.0,4.1967741935483875,-0.077,314139.22580645164,0.006,29076614.0,0.013999999999999999,-71224.80645161291,0.618
2024-08-03,5.33,0.0,4.193548387096774,-0.077,314157.4516129032,0.006,29076614.0,0.013999999999999999,-71662.6129032258,0.615
2024-08-04,5.33,0.0,4.190322580645161,-0.077,314175.67741935485,0.006,29076614.0,0.013999999999999999,-72100.41935483871,0.611
2024-08-05,5.33,0.0,4.187096774193549,-0.077,314193.9032258064,0.006,29076614.0,0.013999999999999999,-72538.2258064516,0.607
2024-08-06,5.33,0.0,4.183870967741935,-0.077,314212.12903225806,0.006,29076614.0,0.013999999999999999,-72976.03225806452,0.604
2024-08-07,5.33,0.0,4.180645161290323,-0.077,314230.3548387097,0.006,29076614.0,0.013999999999999999,-73413.83870967742,0.6
2024-08-08,5.33,0.0,4.17741935483871,-0.077,314248.5806451613,0.006,29076614.0,0.013999999999999999,-73851.64516129032,0.596
2024-08-09,5.33,0.0,4.174193548387096,-0.077,314266.8064516129,0.006,29076614.0,0.013999999999999999,-74289.45161290323,0.5930000000000001
2024-08-10,5.33,0.0,4.170967741935484,-0.077,314285.03225806454,0.006,29076614.0,0.013999999999999999,-74727.25806451614,0.5890000000000001
2024-08-11,5.33,0.0,4.167741935483871,-0.077,314303.2580645161,0.006,29076614.0,0.013999999999999999,-75165.06451612903,0.586
2024-08-12,5.33,0.0,4.164516129032258,-0.077,314321.48387096776,0.006,29076614.0,0.013999999999999999,-75602.87096774194,0.582
2024-08-13,5.33,0.0,4.161290322580645,-0.077,314339.70967741933,0.006,29076614.0,0.013999999999999999,-76040.67741935483,0.579
2024-08-14,5.33,0.0,4.158064516129032,-0.078,314357.93548387097,0.006,29076614.0,0.013999999999999999,-76478.48387096774,0.5760000000000001
2024-08-15,5.33,0.0,4.154838709677419,-0.078,314376.1612903226,0.006,29076614.0,0.013999999999999999,-76916.29032258065,0.5720000000000001
2024-08-16,5.33,0.0,4.151612903225806,-0.078,314394.3870967742,0.006,29076614.0,0.013999999999999999,-77354.09677419355,0.569
2024-08-17,5.33,0.0,4.148387096774194,-0.078,314412.6129032258,0.006,29076614.0,0.013999999999999999,-77791.90322580645,0.5660000000000001
2024-08-18,5.33,0.0,4.145161290322581,-0.078,314430.8387096774,0.006,29076614.0,0.013999999999999999,-78229.70967741935,0.563
2024-08-19,5.33,0.0,4.141935483870967,-0.078,314449.06451612903,0.006,29076614.0,0.013999999999999999,-78667.51612903226,0.5599999999999999
2024-08-20,5.33,0.0,4.138709677419355,-0.078,314467.29032258067,0.006,29076614.0,0.013999999999999999,-79105.32258064517,0.557
2024-08-21,5.33,0.0,4.135483870967742,-0.078,314485.51612903224,0.006,29076614.0,0.013999999999999999,-79543.12903225806,0.553
2024-08-22,5.33,0.0,4.132258064516129,-0.078,314503.7419354839,0.006,29076614.0,0.013999999999999999,-79980.93548387097,0.5499999999999999
2024-08-23,5.33,0.0,4.129032258064516,-0.078,314521.96774193546,0.006,29076614.0,0.013999999999999999,-80418.74193548388,0.547
2024-08-24,5.33,0.0,4.125806451612903,-0.078,314540.1935483871,0.006,29076614.0,0.013999999999999999,-80856.54838709677,0.544
2024-08-25,5.33,0.0,4.12258064516129,-0.078,314558.4193548387,0.006,29076614.0,0.013999999999999999,-81294.35483870968,0.541
2024-08-26,5.33,0.0,4.119354838709677,-0.078,314576.6451612903,0.006,29076614.0,0.013999999999999999,-81732.16129032258,0.539
2024-08-27,5.33,0.0,4.116129032258065,-0.078,314594.87096774194,0.006,29076614.0,0.013999999999999999,-82169.96774193548,0.536
2024-08-28,5.33,0.0,4.112903225806451,-0.078,314613.0967741936,0.006,29076614.0,0.013999999999999999,-82607.7741935484,0.5329999999999999
2024-08-29,5.33,0.0,4.109677419354838,-0.078,314631.32258064515,0.006,29076614.0,0.013999999999999999,-83045.58064516129,0.53
2024-08-30,5.33,0.0,4.106451612903226,-0.078,314649.5483870968,0.006,29076614.0,0.013999999999999999,-83483.3870967742,0.527
2024-08-31,5.33,0.0,4.103225806451612,-0.079,314667.77419354836,0.006,29076614.0,0.013999999999999999,-83921.19354838709,0.524
2024-09-01,5.33,0.0,4.1,-0.079,314686.0,0.006,29076614.0,0.013999999999999999,-84359.0,0.522
2024-09-02,5.33,0.0,4.1,0.0,314711.6,0.008,29076614.0,0.013999999999999999,-84359.0,0.522
2024-09-03,5.33,0.0,4.1,0.0,314737.2,0.008,29076614.0,0.013999999999999999,-84359.0,0.522
2024-09-04,5.33,0.0,4.1,0.0,314762.8,0.008,29076614.0,0.013999999999999999,-84359.0,0.522
2024-09-05,5.33,0.0,4.1,0.0,314788.4,0.008,29076614.0,0.013999999999999999,-84359.0,0.522
2024-09-06,5.33,0.0,4.1,0.0,314814.0,0.008,29076614.0,0.013999999999999999,-84359.0,0.522
2024-09-07,5.33,0.0,4.1,0.0,314839.6,0.008,29076614.0,0.013999999999999999,-84359.0,0.522
2024-09-08,5.33,0.0,4.1,0.0,314865.2,0.008,29076614.0,0.013999999999999999,-84359.0,0.522
2024-09-09,5.33,0.0,4.1,0.0,314890.8,0.008,29076614.0,0.013999999999999999,-84359.0,0.522
2024-09-10,5.33,0.0,4.1,0.0,314916.4,0.008,29076614.0,0.013999999999999999,-84359.0,0.522
2024-09-11,5.33,0.0,4.1,0.0,314942.0,0.008,29076614.0,0.013999999999999999,-84359.0,0.522
2024-09-12,5.33,0.0,4.1,0.0,314967.6,0.008,29076614.0,0.013999999999999999,-84359.0,0.522
2024-09-13,5.33,0.0,4.1,0.0,314993.2,0.008,29076614.0,0.013999999999999999,-84359.0,0.522
2024-09-14,5.33,0.0,4.1,0.0,315018.8,0.008,29076614.0,0.013999999999999999,-84359.0,0.522
2024-09-15,5.33,0.0,4.1,0.0,315044.4,0.008,29076614.0,0.013999999999999999,-84359.0,0.522
2024-09-16,5.33,0.0,4.1,0.0,315070.0,0.008,29076614.0,0.013999999999999999,-84359.0,0.522
2024-09-17,5.33,0.0,4.1,0.0,315095.6,0.008,29076614.0,0.013999999999999999,-84359.0,0.522
2024-09-18,5.33,0.0,4.1,0.0,315121.2,0.008,29076614.0,0.013999999999999999,-84359.0,0.522
2024-09-19,4.83,-9.381,4.1,0.0,315146.8,0.008,29076614.0,0.013999999999999999,-84359.0,0.522
2024-09-20,4.83,0.0,4.1,0.0,315172.4,0.008,29076614.0,0.013999999999999999,-84359.0,0.522
2024-09-21,4.83,0.0,4.1,0.0,315198.0,0.008,29076614.0,0.013999999999999999,-84359.0,0.522
2024-09-22,4.83,0.0,4.1,0.0,315223.6,0.008,29076614.0,0.013999999999999999,-84359.0,0.522
2024-09-23,4.83,0.0,4.1,0.0,315249.2,0.008,29076614.0,0.013999999999999999,-84359.0,0.522
2024-09-24,4.83,0.0,4.1,0.0,315274.8,0.008,29076614.0,0.013999999999999999,-84359.0,0.522
2024-09-25,4.83,0.0,4.1,0.0,315300.4,0.008,29076614.0,0.013999999999999999,-84359.0,0.522
2024-09-26,4.83,0.0,4.1,0.0,315326.0,0.008,29076614.0,0.013999999999999999,-84359.0,0.522
2024-09-27,4.83,0.0,4.1,0.0,315351.6,0.008,29076614.0,0.013999999999999999,-84359.0,0.522
2024-09-28,4.83,0.0,4.1,0.0,315377.2,0.008,29076614.0,0.013999999999999999,-84359.0,0.522
2024-09-29,4.83,0.0,4.1,0.0,315402.8,0.008,29076614.0,0.013999999999999999,-84359.0,0.522
2024-09-30,4.83,0.0,4.1,0.0,315428.4,0.008,29076614.0,0.013999999999999999,-84359.0,0.522
2024-10-01,4.83,0.0,4.1,0.0,315454.0,0.008,29076614.0,0.013999999999999999,-84359.0,0.522
2024-10-02,4.83,0.0,4.1,0.0,315454.0,0.008,29076614.0,0.013999999999999999,-84359.0,0.522
2024-10-03,4.83,0.0,4.1,0.0,315454.0,0.008,29076614.0,0.013999999999999999,-84359.0,0.522
2024-10-04,4.83,0.0,4.1,0.0,315454.0,0.008,29076614.0,0.013999999999999999,-84359.0,0.522
2024-10-05,4.83,0.0,4.1,0.0,315454.0,0.008,29076614.0,0.013999999999999999,-84359.0,0.522
2024-10-06,4.83,0.0,4.1,0.0,315454.0,0.008,29076614.0,0.013999999999999999,-84359.0,0.522
2024-10-07,4.83,0.0,4.1,0.0,315454.0,0.008,29076614.0,0.013999999999999999,-84359.0,0.522
2024-10-08,4.83,0.0,4.1,0.0,315454.0,0.008,29076614.0,0.013999999999999999,-84359.0,0.522
2024-10-09,4.83,0.0,4.1,0.0,315454.0,0.008,29076614.0,0.013999999999999999,-84359.0,0.522
2024-10-10,4.83,0.0,4.1,0.0,315454.0,0.008,29076614.0,0.013999999999999999,-84359.0,0.522
2024-10-11,4.83,0.0,4.1,0.0,315454.0,0.008,29076614.0,0.013999999999999999,-84359.0,0.522
2024-10-12,4.83,0.0,4.1,0.0,315454.0,0.008,29076614.0,0.013999999999999999,-84359.0,0.522
2024-10-13,4.83,0.0,4.1,0.0,315454.0,0.008,29076614.0,0.013999999999999999,-84359.0,0.522
2024-10-14,4.83,0.0,4.1,0.0,315454.0,0.008,29076614.0,0.013999999999999999,-84359.0,0.522
2024-10-15,4.83,0.0,4.1,0.0,315454.0,0.008,29076614.0,0.013999999999999999,-84359.0,0.522
2024-10-16,4.83,0.0,4.1,0.0,315454.0,0.008,29076614.0,0.013999999999999999,-84359.0,0.522
2024-10-17,4.83,0.0,4.1,0.0,315454.0,0.008,29076614.0,0.013999999999999999,-84359.0,0.522
2024-10-18,4.83,0.0,4.1,0.0,315454.0,0.008,29076614.0,0.013999999999999999,-84359.0,0.522
2024-10-19,4.83,0.0,4.1,0.0,315454.0,0.008,29076614.0,0.013999999999999999,-84359.0,0.522
2024-10-20,4.83,0.0,4.1,0.0,315454.0,0.008,29076614.0,0.013999999999999999,-84359.0,0.522
2024-10-21,4.83,0.0,4.1,0.0,315454.0,0.008,29076614.0,0.013999999999999999,-84359.0,0.522
2024-10-22,4.83,0.0,4.1,0.0,315454.0,0.008,29076614.0,0.013999999999999999,-84359.0,0.522
2024-10-23,4.83,0.0,4.1,0.0,315454.0,0.008,29076614.0,0.013999999999999999,-84359.0,0.522
2024-10-24,4.83,0.0,4.1,0.0,315454.0,0.008,29076614.0,0.013999999999999999,-84359.0,0.522
2024-10-25,4.83,0.0,4.1,0.0,315454.0,0.008,29076614.0,0.013999999999999999,-84359.0,0.522
2024-10-26,4.83,0.0,4.1,0.0,315454.0,0.008,29076614.0,0.013999999999999999,-84359.0,0.522
2024-10-27,4.83,0.0,4.1,0.0,315454.0,0.008,29076614.0,0.013999999999999999,-84359.0,0.522
2024-10-28,4.83,0.0,4.1,0.0,315454.0,0.008,29076614.0,0.013999999999999999,-84359.0,0.522
2024-10-29,4.83,0.0,4.1,0.0,315454.0,0.008,29076614.0,0.013999999999999999,-84359.0,0.522
2024-10-30,4.83,0.0,4.1,0.0,315454.0,0.008,29076614.0,0.013999999999999999,-84359.0,0.522
2024-10-31,4.83,0.0,4.1,0.0,315454.0,0.008,29076614.0,0.013999999999999999,-84359.0,0.522
2024-11-01,4.83,0.0,4.1,0.0,315454.0,0.008,29076614.0,0.013999999999999999,-84359.0,0.522
2024-11-02,4.83,0.0,4.1,0.0,315454.0,0.008,29076614.0,0.013999999999999999,-84359.0,0.522
2024-11-03,4.83,0.0,4.1,0.0,315454.0,0.008,29076614.0,0.013999999999999999,-84359.0,0.522
2024-11-04,4.83,0.0,4.1,0.0,315454.0,0.008,29076614.0,0.013999999999999999,-84359.0,0.522
2024-11-05,4.83,0.0,4.1,0.0,315454.0,0.008,29076614.0,0.013999999999999999,-84359.0,0.522
2024-11-06,4.83,0.0,4.1,0.0,315454.0,0.008,29076614.0,0.013999999999999999,-84359.0,0.522
2024-11-07,4.83,0.0,4.1,0.0,315454.0,0.008,29076614.0,0.013999999999999999,-84359.0,0.522
2024-11-08,4.58,-5.176,4.1,0.0,315454.0,0.008,29076614.0,0.013999999999999999,-84359.0,0.522
2024-11-09,4.58,0.0,4.1,0.0,315454.0,0.008,29076614.0,0.013999999999999999,-84359.0,0.522
2024-11-10,4.58,0.0,4.1,0.0,315454.0,0.008,29076614.0,0.013999999999999999,-84359.0,0.522
2024-11-11,4.58,0.0,4.1,0.0,315454.0,0.008,29076614.0,0.013999999999999999,-84359.0,0.522
2024-11-12,4.58,0.0,4.1,0.0,315454.0,0.008,29076614.0,0.013999999999999999,-84359.0,0.522
2024-11-13,4.58,0.0,4.1,0.0,315454.0,0.008,29076614.0,0.013999999999999999,-84359.0,0.522
2024-11-14,4.58,0.0,4.1,0.0,315454.0,0.008,29076614.0,0.013999999999999999,-84359.0,0.522
2024-11-15,4.58,0.0,4.1,0.0,315454.0,0.008,29076614.0,0.013999999999999999,-84359.0,0.522
2024-11-16,4.58,0.0,4.1,0.0,315454.0,0.008,29076614.0,0.013999999999999999,-84359.0,0.522
2024-11-17,4.58,0.0,4.1,0.0,315454.0,0.008,29076614.0,0.013999999999999999,-84359.0,0.522
2024-11-18,4.58,0.0,4.1,0.0,315454.0,0.008,29076614.0,0.013999999999999999,-84359.0,0.522
2024-11-19,4.58,0.0,4.1,0.0,315454.0,0.008,29076614.0,0.013999999999999999,-84359.0,0.522
2024-11-20,4.58,0.0,4.1,0.0,315454.0,0.008,29076614.0,0.013999999999999999,-84359.0,0.522
